,file_name,predicted,1,2,3,4,5
0,../data_cut\tamar-bedi-4b.wav,4,9.132320954660007e-62,0.0,1.3330070555795293e-66,1.0,3.762096276848926e-116
1,../data_cut\revaz-lobz-2d.wav,2,1.0576391964058098e-163,0.9999998932765143,6.199247833810487e-147,1.3237857180269984e-143,1.0672348575110273e-07
2,../data_cut\nata-khur-4.wav,4,9.566855391790985e-219,8.981485334515694e-270,3.273302419797513e-264,1.0,6.637553274772493e-159
3,../data_cut\zviad-noza-5c.wav,5,1.3943787817159251e-273,3.4457063613087225e-166,2.0832214924346616e-219,5.155253058897367e-139,1.0
4,../data_cut\nata-khur-1.wav,1,1.0,0.0,2.0761615867459975e-224,3.7677168728144016e-171,2.1987317064743164e-208
5,../data_cut\tamar-bedi-3c.wav,3,1.2953335996489232e-254,0.0,1.0,1.135341587548057e-194,7.575726225749673e-268
6,../data_cut\aleksandre-surg-5b.wav,3,4.994242317597318e-175,0.0,1.0,5.8120993187444296e-192,3.472639762170141e-218
7,../data_cut\lasha-kiti-4a.wav,4,1.5890548254704238e-178,0.0,4.0269892436315846e-97,1.0,6.714819416419302e-194
8,../data_cut\levan-gela-4i.wav,5,1.991828999973614e-145,2.3634162595808607e-142,1.032507443764738e-88,9.646343717770253e-11,0.9999999999035366
9,../data_cut\giorgi-chak-3a.wav,3,0.0,0.0,1.0,1.2486721134015595e-166,5.945349837824862e-269
10,../data_cut\demetre-pipi-1j.wav,1,1.0,0.0,2.050723458206466e-204,4.19334581113e-313,0.0
11,../data_cut\irakli-mghe-4-a.wav,4,5.830270566949481e-154,2.4774422564837983e-235,1.5779047476702533e-183,1.0,1.1936586116070644e-51
12,../data_cut\anamaria-chkh-5-a.wav,5,4.060277026612758e-254,3.55195911009222e-257,7.427373406550895e-241,9.477470613827393e-224,1.0
13,../data_cut\vakho-koto-1a.wav,4,5.535963717193471e-55,4.383547123007609e-43,6.863996623827868e-100,1.0,8.736491544228572e-27
14,../data_cut\demetre-pipi-2j.wav,2,3.3219970250881542e-223,1.0,1.5361182214374286e-222,4.80862668010218e-123,3.5758883858652956e-160
15,../data_cut\aleksandre-surg-3c.wav,3,3.391147159930301e-234,2.15e-321,1.0,4.258102034172323e-220,3.625518244910211e-220
16,../data_cut\levan-gela-3c.wav,3,5.285292362311974e-232,0.0,1.0,0.0,0.0
17,../data_cut\aleksandre-pert-3a.wav,3,1.8465817497253546e-122,2.0796298093847006e-227,1.0,1.4917103941810902e-80,4.274637447801884e-181
18,../data_cut\zurab-khut-5c.wav,5,4.283825946304389e-142,1.2147938378576619e-126,4.89953159754861e-264,2.4986577262969268e-95,1.0
19,../data_cut\bakuri-tsut-2.wav,5,0.0,1.1607289106552935e-25,4.930501735772893e-233,2.1399450739092445e-141,1.0
20,../data_cut\vakho-koto-3c.wav,3,0.0,0.0,1.0,1.4484995301428252e-229,0.0
21,../data_cut\nika-onia-3g.wav,3,nan,nan,nan,nan,nan
22,../data_cut\demetre-pipi-4d.wav,4,2.345718208922431e-87,2.841334448640755e-93,2.8820300558287365e-169,1.0,2.198174466083475e-62
23,../data_cut\zurab-khut-3b.wav,3,2.637683336007732e-271,0.0,1.0,4.570209020539365e-172,0.0
24,../data_cut\aleksandre-surg-2b.wav,3,2.046856358514286e-70,3.0725073350711694e-132,1.0,8.258830438821537e-184,1.764210252436715e-49
25,../data_cut\zviad-noza-4c.wav,4,5.4025390854815724e-217,1.0239309121749308e-54,3.304220965951662e-168,1.0,9.975816288009515e-180
26,../data_cut\aleksandre-pert-3f.wav,3,9.292188499274222e-138,3.471811204416181e-264,1.0,3.290470040381865e-108,4.839363297036532e-190
27,../data_cut\l-andg-3f.wav,3,6.473665811428228e-289,3.56e-322,1.0,0.0,3.4604784246622724e-196
28,../data_cut\gega-dara-4.wav,4,9.010008354262773e-79,5.786980287132909e-57,3.923101605153245e-92,1.0,2.0471524954267752e-110
29,../data_cut\vika-shon-3c.wav,3,8.965331852356837e-272,4.209463932941549e-157,0.9999999999996844,0.0,3.156075403422206e-13
30,../data_cut\revaz-lobz-3f.wav,5,4.246846135925277e-301,4.2523308746356864e-273,8.575929948093075e-122,3.6728496739888225e-243,1.0
31,../data_cut\revaz-lobz-1c.wav,1,1.0,9.29380824369644e-74,1.9639915097519296e-188,1.222718863401107e-196,1.3100615e-317
32,../data_cut\gega-dara-5c.wav,5,2.0044271276540554e-248,8.018269421147452e-90,9.433849208676523e-276,8.164233418005175e-151,1.0
33,../data_cut\revaz-lobz-3c.wav,5,0.0,1.4914175321291546e-212,5.675993493215839e-38,5e-324,1.0
34,../data_cut\irakli-mghe-5-a.wav,5,2.510310187673059e-236,1.5151841764794125e-303,1.1591215877301332e-240,1.2384894880177832e-186,1.0
35,../data_cut\devi-khos-4a.wav,3,7.978298749932257e-147,4.636833737770405e-98,0.9998721313179917,0.0001278686820083883,7.971292649384587e-51
36,../data_cut\tamar-bedi-4f.wav,2,6.969830374302849e-109,1.0,5.548903795263395e-171,1.653771901215216e-76,2.1707201634209824e-58
37,../data_cut\giorgi-kala-5-normal.wav,5,2.5299432967383522e-145,8.654025473894417e-128,4.5168063828444794e-184,3.200707035607279e-175,1.0
38,../data_cut\devi-khos-3c.wav,3,0.0,0.0,1.0,6.221119323618247e-124,0.0
39,../data_cut\vika-shon-3b.wav,3,2.8404965472354435e-211,6.33195412194288e-219,1.0,7.392265895352623e-303,1.8189023398708621e-90
40,../data_cut\levan-gela-4j.wav,5,1.78395673657335e-186,1.944066324326397e-235,5.964610759913129e-148,1.7346374324361022e-111,1.0
41,../data_cut\vika-shon-4d.wav,3,9.629285597579147e-98,1.3133393593006712e-34,1.0,1.2734170650395715e-227,1.0704984633005512e-108
42,../data_cut\nanuka-altu-2b.wav,3,1.6329925737212933e-180,1.1157143747959765e-300,1.0,3.624312205107098e-82,2.5446482480792343e-200
43,../data_cut\shota-noza-4.wav,5,4.415386912238016e-68,4.189299318114291e-211,2.7351286779529206e-77,5.430116911210528e-35,1.0
44,../data_cut\demetre-pipi-3g.wav,3,1.912768144170462e-117,7.093509293872806e-200,1.0,3.149872342350368e-92,9.863149819746416e-233
45,../data_cut\gega-dara-3a.wav,3,0.0,0.0,1.0,1.1936160373168506e-248,1.45367587017e-313
46,../data_cut\revaz-lobz-4d.wav,5,5.557243978612992e-233,3.249905746764148e-102,0.0,5.507550892851728e-27,1.0
47,../data_cut\tamar-bedi-3e.wav,3,3.4434374762514116e-191,0.0,1.0,1.0125487917205535e-109,2.892977728983563e-175
48,../data_cut\vakho-koto-5b.wav,5,0.0,3.957077191308977e-211,0.0,5.116323944631854e-225,1.0
49,../data_cut\demetre-pipi-2g.wav,2,7.300395939604383e-170,1.0,1.0414564685380757e-230,3.6049028180557224e-126,2.794591282121876e-172
50,../data_cut\lasha-kiti-1b.wav,4,3.820465436579577e-107,1.0792691011156894e-255,1.0093272177145638e-179,0.999999999999953,4.7003169734089995e-14
51,../data_cut\l-andg-4e.wav,4,9.543270021251147e-247,0.0,0.0,1.0,2.0653906674301697e-142
52,../data_cut\nino-chan-3c.wav,3,5.372669465443349e-228,6.012342291765e-312,1.0,1.4348093536781471e-276,0.0
53,../data_cut\zviad-noza-4e.wav,4,4.833791459549808e-240,1.4331706234924243e-30,3.777391195037854e-241,1.0,1.3940473098032488e-49
54,../data_cut\levan-gela-5a.wav,5,0.0,4.4646136820460365e-253,2.279817249628235e-170,1.3169127013677387e-305,1.0
55,../data_cut\Mariam-chkh-5a.wav,3,5.684473679963468e-62,1.0874365325628254e-175,0.9999999999999865,1.3595799968878374e-14,3.6315247248598416e-41
56,../data_cut\nika-onia-4c.wav,4,0.0,9.126498383647356e-15,0.0,0.9999999999999909,6.367368609921288e-90
57,../data_cut\giorgi-chak-1c.wav,1,1.0,5.820994835e-315,6.803273728762562e-103,7.091966294478403e-286,2.7178876043414747e-181
58,../data_cut\gega-dara-5a.wav,5,2.5544620169632598e-229,4.5363112517170786e-154,2.058594344032399e-301,5.281900935712448e-198,1.0
59,../data_cut\aleksandre-surg-5.wav,1,0.9999999998657251,1.3557050126386344e-177,4.079426996509781e-90,4.1765122426958764e-78,1.3427489037732393e-10
60,../data_cut\aleksandre-pert-3.wav,3,6.262162172007952e-219,0.0,1.0,0.0,0.0
61,../data_cut\aleksandre-pert-5c.wav,5,1.768299111586814e-260,2.8362516861800757e-205,3.788565216089039e-187,3.690491277959823e-235,1.0
62,../data_cut\revaz-lobz-3b.wav,3,0.0,0.0,1.0,0.0,1.5370427927492013e-169
63,../data_cut\lasha-kiti-4d.wav,4,4.8886256e-316,0.0,1.8423704654856033e-238,1.0,2.7417061155915474e-163
64,../data_cut\levan-gela-2i.wav,5,0.0,1.9817339681341722e-20,0.0,5.242637738896498e-227,1.0
65,../data_cut\zurab-khut-2b.wav,3,1.9507805443317284e-153,6.290510368527166e-133,1.0,9.6446161084059e-151,1.532053284283139e-49
66,../data_cut\aleksandre-pert-4f.wav,5,1.2104633241318501e-123,2.9589207297820644e-141,3.730505818350734e-192,3.7964958170455996e-42,1.0
67,../data_cut\irakli-mghe-2-b.wav,5,8.740118926952308e-185,1.2795301667082375e-280,9.586119358808803e-178,9.65361017267026e-135,1.0
68,../data_cut\shota-noza-3.wav,5,5.159365708312441e-87,2.524002966282361e-175,2.705785219197247e-49,1.532367461671012e-98,1.0
69,../data_cut\tamar-bedi-4a.wav,4,1.1866318692903167e-182,0.0,6.126031520374121e-202,1.0,9.532745320157244e-166
70,../data_cut\zurab-khut-5b.wav,5,6.781761558017734e-213,1.7931091449974058e-217,1.2877089641937345e-68,1.934751371467252e-127,1.0
71,../data_cut\nanuka-altu-1c.wav,4,9.154175913729138e-34,2.055689853001063e-31,3.4546481234996898e-25,0.9999999901746238,9.825376184786465e-09
72,../data_cut\lasha-kiti-3a.wav,3,4.339353146010359e-225,0.0,1.0,4.9287011404044966e-92,3.68855935962316e-236
73,../data_cut\aleksandre-pert-5g.wav,5,3.6030481760605415e-82,1.0105002504022642e-185,4.025750889884538e-162,2.440603497987102e-159,1.0
74,../data_cut\giorgi-chak-1b.wav,3,2.9447961374554513e-16,4.789414697013143e-256,0.9999999999999997,3.977192072797198e-78,1.834274812096448e-163
75,../data_cut\davit-kvel-2c.wav,5,1.0012463124901547e-197,1.9556105157161469e-57,3.2498000207211657e-295,2.8059918581439096e-94,1.0
76,../data_cut\mariam-aval-3e.wav,3,8.713065794068802e-228,0.0,1.0,1.9788021748094843e-108,3.095824394676759e-299
77,../data_cut\aleksandre-pert-1c.wav,1,1.0,0.0,5.494261139817867e-272,2.4114318951119585e-262,1.2500171392679065e-118
78,../data_cut\giorgi-chak-2a.wav,3,2.1051193971361932e-215,8.525364606009468e-157,1.0,1.6877966712215735e-122,1.836303044758131e-112
79,../data_cut\levan-gela-2b.wav,5,2.12018529407583e-310,2.149237720374663e-116,1.785504216389002e-224,1.740435392036475e-193,1.0
80,../data_cut\devi-khos-1e.wav,1,1.0,0.0,1.533325730853628e-189,0.0,0.0
81,../data_cut\mariam-aval-1d.wav,1,0.9999999999999915,1.1891556837938232e-129,8.44023615888882e-15,4.036949998128364e-134,7.963039324043086e-79
82,../data_cut\zurab-khut-4c.wav,4,9.39568175098555e-146,2.6464819962518632e-173,4.5772586886795354e-220,1.0,1.3071666287510483e-226
83,../data_cut\Mariam-chkh-2d.wav,2,7.007406889220461e-255,1.0,7.784274823206511e-141,1.1766197867786925e-56,1.8111691986682977e-45
84,../data_cut\levan-gela-5c.wav,5,0.0,1.8127e-320,0.0,0.0,1.0
85,../data_cut\giorgi-chak-4a.wav,4,2.880761065975294e-276,5.3939390197896e-97,1.6590154241679672e-226,1.0,3.520395472350183e-100
86,../data_cut\demetre-pipi-2.wav,3,1.5534670171981021e-214,4.2451451739232893e-224,1.0,5.7309544141145085e-282,5.075317047192391e-127
87,../data_cut\levan-gela-4d.wav,5,5.491530911615087e-169,1.428139752868545e-191,2.604538392678905e-108,3.224594065617693e-74,1.0
88,../data_cut\anamaria-chkh-5-e.wav,5,1.1902888017645203e-272,0.0,3.177649674555403e-260,1.3916036082681361e-214,1.0
89,../data_cut\levan-gela-3a.wav,3,nan,nan,nan,nan,nan
90,../data_cut\vika-shon-5d.wav,5,1.655e-321,1.2701653732466784e-282,5e-324,0.0,1.0
91,../data_cut\levan-gela-1e.wav,1,1.0,2.8199122415834024e-280,6.646139684390984e-247,0.0,3.274493946057154e-165
92,../data_cut\Mariam-chkh-1f.wav,5,1.3087661682902768e-10,1.0829880138907267e-186,5.4611688330114045e-33,5.0067141737252664e-14,0.9999999998690734
93,../data_cut\tamar-bedi-1b.wav,1,1.0,0.0,5.631052499962687e-292,1.6727762371371286e-90,8.10943450761748e-46
94,../data_cut\davit-kvel-5c.wav,4,1.3723006423465967e-96,3.3958065176008303e-101,5.3023711028942197e-48,1.0,3.9262865581830134e-29
95,../data_cut\anamaria-chkh-3-b.wav,3,2.465534709978294e-128,0.0,1.0,1.1593525299991257e-54,3.049869212773135e-283
96,../data_cut\nika-onia-5a.wav,5,0.0,2.9585181356412627e-233,4.193035536521871e-167,5.088946973678482e-283,1.0
97,../data_cut\tamar-bedi-3f.wav,3,4.118160232197219e-146,8.383824059002582e-298,1.0,1.4419977575073193e-293,1.417341482555918e-272
98,../data_cut\vika-shon-5b.wav,5,0.0,6.6091715293880174e-226,3.4430598223398317e-172,2.101182209924415e-229,1.0
99,../data_cut\nino-chan-3d.wav,3,1.4659060306270314e-231,2.115661813473276e-161,1.0,1.8944728914376655e-216,4.951104738166001e-178
100,../data_cut\nanuka-altu-5c.wav,5,1.4853958092687622e-89,7.669753268594059e-259,1.9514874682629178e-28,1.3777293337629035e-125,1.0
101,../data_cut\l-andg-1f.wav,1,1.0,1.5285268896117822e-269,3.321476506879541e-78,1.4611091399705068e-215,1.6001859817390692e-53
102,../data_cut\aleksandre-surg-3.wav,4,5.295548708474229e-154,4.855310393260971e-248,9.295691445650186e-206,1.0,2.2192673609018098e-32
103,../data_cut\anamaria-chkh-2-b.wav,5,0.0,8.094282798990893e-48,4.104276580329581e-152,3.1904178504038336e-43,1.0
104,../data_cut\zurab-khut-3a.wav,3,1.4778297612502814e-190,1.376319434110301e-283,1.0,2.1537095221054806e-299,0.0
105,../data_cut\irakli-mghe-1-c.wav,5,1.0800807419437522e-232,1.373287172017876e-281,5.590306850672368e-249,6.254133893164964e-173,1.0
106,../data_cut\l-andg-3e.wav,3,nan,nan,nan,nan,nan
107,../data_cut\tamar-bedi-2f.wav,2,5.374851327721632e-197,1.0,1.2040355754137015e-293,3.5176174275766993e-166,9.062974042060276e-93
108,../data_cut\levan-gela-3g.wav,3,3.3123043512186246e-213,0.0,1.0,0.0,7.011895408131403e-243
109,../data_cut\giorgi-chak-5c.wav,5,1.893172542727008e-183,1.5248617099972188e-252,1.3852854956088733e-147,1.0377796958600386e-131,1.0
110,../data_cut\gega-dara-1.wav,4,2.220415305786577e-120,3.10051581889665e-162,7.270707835456946e-224,1.0,1.6675168393771346e-33
111,../data_cut\l-andg-1e.wav,1,1.0,3.116058791000189e-238,2.470607550554161e-292,8.195914843993683e-129,1.5330344167212396e-103
112,../data_cut\anamaria-chkh-2-e.wav,3,4.3074377448569304e-284,5.122377799309541e-240,1.0,4.216816381663747e-85,4.006800804277051e-220
113,../data_cut\nino-chan-2d.wav,2,0.0,1.0,2.47e-322,3.867331846913363e-38,2.5253190031766e-32
114,../data_cut\zviad-noza-2b.wav,2,0.0,1.0,0.0,1.158963168993865e-149,9.940410903768304e-177
115,../data_cut\devi-khos-5.wav,5,0.0,9.667897793e-315,0.0,2.872146034371453e-193,1.0
116,../data_cut\zurab-khut-3c.wav,3,1.169381995256466e-32,4.987760672167407e-133,1.0,8.093472207348104e-158,5.003745634726476e-69
117,../data_cut\vika-shon-1b.wav,1,0.9999999993106028,7.080474871186655e-134,1.0115620785087392e-78,6.893972270665683e-10,9.834524855866386e-36
118,../data_cut\gega-dara-4b.wav,4,8.613241056365756e-284,4.66284e-319,0.0,1.0,4.961222030159062e-143
119,../data_cut\zviad-noza-3d.wav,3,1.755506419201039e-120,2.9920193536926987e-206,1.0,3.0434850220922195e-102,5.4502898772847e-285
120,../data_cut\anamaria-chkh-4-d.wav,4,1.1135237920429136e-259,1.7334526685953066e-301,1.2190505058275542e-116,1.0,1.4995420067344944e-63
121,../data_cut\levan-gela-4f.wav,2,7.282087260446157e-283,1.0,7.428188754455421e-208,5.36610641069975e-106,3.633110332994855e-47
122,../data_cut\demetre-pipi-2f.wav,2,5.6385808639054495e-273,1.0,0.0,5.201060962649495e-203,6.679722153958142e-269
123,../data_cut\devi-khos-4d.wav,2,1.8556625492018336e-142,1.0,3.9387227747860175e-168,2.63269343246357e-28,9.798099727732435e-107
124,../data_cut\irakli-mghe-1-b.wav,5,5.987266974136233e-138,0.0,1.1483667262019146e-247,2.6747337935978416e-146,1.0
125,../data_cut\l-andg-5b.wav,5,0.0,2.949232666021467e-224,3.798368460394387e-227,1.2264628160974215e-209,1.0
126,../data_cut\tamar-bedi-5g.wav,5,8.671251010671541e-279,7.7809043204861e-226,1.3527104842007479e-182,2.819962442178901e-147,1.0
127,../data_cut\irakli-mghe-4-c.wav,4,6.070152735077343e-149,1.721058500222032e-303,7.86146308974824e-266,0.9999999990446032,9.5539681582486e-10
128,../data_cut\aleksandre-surg-1a.wav,5,2.6100416235907444e-44,1.1958618233250023e-177,9.526775263724767e-58,6.066205452905476e-51,1.0
129,../data_cut\Mariam-chkh-3c.wav,3,1.397593930795403e-162,9.74732324396512e-205,1.0,7.327550341280101e-99,5.815737408636911e-302
130,../data_cut\irakli-mghe-3-b.wav,5,4.569e-320,4.8734689292076314e-226,3.107959522758649e-264,1.980113430973281e-140,1.0
131,../data_cut\Mariam-chkh-4a.wav,3,6.754835732274313e-232,0.0,1.0,0.0,9.458233241919057e-234
132,../data_cut\levan-gela-1c.wav,1,1.0,6.94165725e-316,1.2475012304328887e-186,0.0,4.156422600407712e-164
133,../data_cut\tamar-bedi-2b.wav,4,1.8210128459070232e-149,5.458020262834062e-37,5.429426730791555e-107,1.0,2.421678355241169e-85
134,../data_cut\nino-chan-1c.wav,4,2.48991572107477e-98,0.0,8.451448623439685e-173,1.0,3.8640278406881734e-73
135,../data_cut\levan-gela-1f.wav,5,4.98877572817973e-09,8.656284379377976e-167,3.03073487194908e-94,6.624387929482876e-194,0.9999999950112243
136,../data_cut\aleksandre-pert-3c.wav,3,1.332064165034449e-104,8.721645200241928e-179,1.0,3.708716449903934e-107,1.2941343960715298e-88
137,../data_cut\nika-onia-2g.wav,2,0.0,1.0,1.96723372177974e-200,1.8453403536264697e-75,4.02635094338944e-146
138,../data_cut\nino-chan-5a.wav,5,0.0,7.088144903180536e-177,8.769403025166345e-264,6.670943108212662e-10,0.9999999993329057
139,../data_cut\zviad-noza-1b.wav,1,1.0,9.403692655595085e-146,3.052972200922968e-51,3.4651926494067326e-123,2.9417640568240954e-145
140,../data_cut\lasha-kiti-1a.wav,1,1.0,2.676308766427e-312,4.054882743199736e-235,9.527940937005883e-66,5.433723923906087e-71
141,../data_cut\vakho-koto-5c.wav,2,0.0,1.0,1.2981770433960512e-204,3.279199401796203e-197,1.1816632569222241e-23
142,../data_cut\l-andg-1c.wav,1,1.0,1.9272147864920797e-284,9.947359791996042e-94,4.975909704061585e-120,9.521913880418986e-51
143,../data_cut\anamaria-chkh-4-a.wav,3,2.83602700853157e-208,5.927401672790089e-243,1.0,1.0502975444069732e-78,6.180135656739673e-235
144,../data_cut\Mariam-chkh-4d.wav,4,8.381175370116548e-146,1.92565524e-316,7.246367168203739e-244,1.0,2.3914903267452447e-232
145,../data_cut\aleksandre-pert-4c.wav,5,1.4753589832543618e-109,1.6801061180025988e-143,5.576261602379574e-106,5.745452201394252e-115,1.0
146,../data_cut\rezi-mesh-1c.wav,1,1.0,3.650117873852981e-282,7.969331236847864e-276,5.147736539347283e-250,2.24190015187893e-193
147,../data_cut\tamar-bedi-5e.wav,5,0.0,0.0,0.0,1.4223791789815907e-76,1.0
148,../data_cut\giorgi-kala-5-slow.wav,5,1.738070408155292e-297,5e-324,0.0,0.0,1.0
149,../data_cut\revaz-lobz-1a.wav,1,1.0,0.0,0.0,1.06437480723091e-227,1.2383322148132127e-253
150,../data_cut\l-andg-4g.wav,4,3.2870435838869657e-227,3.1964404024164e-311,1.2649121114393855e-62,1.0,1.4421171228561803e-17
151,../data_cut\levan-gela-3h.wav,3,6.2586176e-317,0.0,1.0,0.0,0.0
152,../data_cut\tamar-bedi-1f.wav,1,1.0,0.0,4.579520809226743e-86,1.2660992887923046e-243,6.546930482858332e-183
153,../data_cut\zviad-noza-3e.wav,3,5.1422508482732335e-229,0.0,1.0,0.0,0.0
154,../data_cut\anamaria-chkh-3-d.wav,4,8.912253175308786e-158,0.0,0.0715176799361998,0.9284823200638003,7.63812130163756e-253
155,../data_cut\irakli-mghe-2-a.wav,5,2.4751155368556896e-209,8.063912437924631e-288,9.700322840275177e-208,2.0520556569017177e-138,1.0
156,../data_cut\devi-khos-5d.wav,5,1.384968197947514e-272,8.107829757092081e-150,1.2549772708032727e-228,2.31453245873326e-173,1.0
157,../data_cut\demetre-pipi-5b.wav,4,1.0915019792417167e-191,9.995810376688274e-121,4.120196589653939e-200,1.0,4.3428701842441365e-101
158,../data_cut\aleksandre-pert-5.wav,5,7.416207603692597e-206,3.24550896560285e-167,7.601263150821396e-35,6.418845087031856e-132,1.0
159,../data_cut\Mariam-chkh-1b.wav,1,1.0,0.0,9.620537983347504e-151,8.054985081465433e-181,3.1497778651401697e-103
160,../data_cut\tamar-bedi-2g.wav,4,9.59854538447705e-212,3.9018459797054916e-50,2.7069268214279417e-239,1.0,3.540665512830024e-196
161,../data_cut\devi-khos-1d.wav,1,1.0,2.37e-322,1.6590178094914934e-149,0.0,7.96886168387757e-256
162,../data_cut\tamar-bedi-2e.wav,4,3.746777938585494e-98,1.9375075384173884e-61,2.2192704147744473e-12,0.9999999999977808,6.283203761443945e-72
163,../data_cut\demetre-pipi-5g.wav,4,1.59127400181796e-189,2.0319027526793e-119,2.147448484791922e-259,1.0,3.7893773702612096e-122
164,../data_cut\nika-onia-1d.wav,1,1.0,2.7310560469720898e-283,6.879638056294699e-268,2.8654220325228045e-150,4.113112982355495e-75
165,../data_cut\mariam-aval-4a.wav,5,6.898118426633654e-127,3.2930897731347694e-252,1.2482572464047983e-47,9.714829487100141e-52,1.0
166,../data_cut\aleksandre-pert-2b.wav,5,6.537675504165633e-72,1.4285977538937543e-53,8.534593309709268e-71,3.0212489569910494e-80,1.0
167,../data_cut\gega-dara-3b.wav,3,2.1961147210397864e-155,7.042665111734455e-123,1.0,1.4943168617678388e-150,5.1157591084934976e-85
168,../data_cut\l-andg-1a.wav,1,1.0,2.5716339426655857e-259,0.0,2.326677582356677e-268,7.295314156723754e-282
169,../data_cut\vakho-koto-4c.wav,4,1.1007034759184172e-200,3.2994643544713695e-54,2.7290998698196254e-256,0.999997503764471,2.4962355288988625e-06
170,../data_cut\gega-dara-4a.wav,4,3.098407594944565e-264,7.633443426511749e-214,0.0,1.0,6.51910569290701e-141
171,../data_cut\shota-noza-1c.wav,1,0.9999999999999742,1.4700743737560919e-134,8.665536086060962e-125,1.2359574000485095e-56,2.578332948080519e-14
172,../data_cut\nika-onia-3d.wav,3,nan,nan,nan,nan,nan
173,../data_cut\revaz-lobz-2f.wav,5,4.16117e-319,1.522142461377377e-130,9.285143649087717e-114,1.5004985761882e-108,1.0
174,../data_cut\revaz-lobz-3d.wav,5,8.58336940940799e-216,5.557183483809232e-288,6.410486577229118e-139,0.0,1.0
175,../data_cut\elene-krav-2.wav,2,2.1396297432690457e-305,1.0,1.6121664653031902e-194,6.337553434153256e-153,1.1367735519125455e-99
176,../data_cut\rezi-mesh-3c.wav,3,0.0,0.0,1.0,0.0,0.0
177,../data_cut\nanuka-altu-1e.wav,5,8.063014602646931e-72,3.0134868619913755e-242,7.871796936884023e-158,1.90517237866888e-120,1.0
178,../data_cut\giorgi-kala-3-slow.wav,3,nan,nan,nan,nan,nan
179,../data_cut\lasha-kiti-3e.wav,3,1.05306402655725e-205,0.0,1.0,8.363558378407435e-112,2.670750521797115e-180
180,../data_cut\revaz-lobz-5c.wav,5,nan,nan,nan,nan,nan
181,../data_cut\aleksandre-surg-4a.wav,3,3.002882741904434e-54,3.3129225249151485e-207,1.0,1.666719913809188e-114,5.8125232947133576e-117
182,../data_cut\demetre-pipi-3i.wav,3,2.1119619693443013e-141,2.39538863229227e-185,1.0,9.983242904867922e-141,6.531611231302347e-256
183,../data_cut\lasha-kiti-4b.wav,4,1.3536327549757309e-242,1.610576545080973e-252,1.0606364165382458e-227,1.0,1.0817443464433778e-120
184,../data_cut\l-andg-2d.wav,5,0.0,3.64478388202013e-111,0.0,7.710382871866588e-139,1.0
185,../data_cut\aleksandre-pert-5b.wav,5,7.08934889710702e-123,2.4268704079529835e-144,8.396197061141e-05,2.84885655925466e-68,0.9999160380293887
186,../data_cut\vakho-koto-1b.wav,5,1.4356582851979211e-269,1.0325947172981378e-63,1.3487882099041089e-179,5.741562051002455e-27,1.0
187,../data_cut\anamaria-chkh-2-c.wav,3,2.7862247352213723e-131,1.4699819247974332e-302,1.0,1.335624529352055e-122,1.1041366887618085e-181
188,../data_cut\shota-noza-3b.wav,3,nan,nan,nan,nan,nan
189,../data_cut\aleksandre-pert-5e.wav,5,4.157734688826863e-183,4.84268515488441e-212,6.33083552504395e-102,8.983091871160806e-184,1.0
190,../data_cut\gega-dara-5d.wav,5,0.0,5.342907451811417e-188,0.0,6.512639624169503e-244,1.0
191,../data_cut\l-andg-4f.wav,4,0.0,1.0997294454954225e-181,0.0,1.0,1.677676959095123e-123
192,../data_cut\demetre-pipi-4f.wav,4,1.0173269339384648e-202,4.288214684992989e-110,4.235266608398871e-167,1.0,4.505521304674133e-160
193,../data_cut\lasha-kiti-2e.wav,5,5.855047000645915e-252,2.3650633012338516e-141,3.725851756299214e-280,1.2720898959017631e-39,1.0
194,../data_cut\nika-onia-4b.wav,5,0.0,2.8285713901677286e-23,0.0,1.1130922766834664e-36,1.0
195,../data_cut\shota-noza-1a.wav,1,1.0,3.8819123433291646e-268,2.79707328067283e-141,3.9743461467444714e-141,5.194172844261008e-84
196,../data_cut\Mariam-chkh-3a.wav,3,1.8171958097381601e-227,0.0,1.0,1.3935360840103814e-279,2.701785972002653e-305
197,../data_cut\shota-noza-5b.wav,5,nan,nan,nan,nan,nan
198,../data_cut\lasha-kiti-3c.wav,3,2.9311459854721736e-254,0.0,1.0,1.3163097058897176e-67,9.054610088782561e-235
199,../data_cut\davit-kvel-3b.wav,3,1.7085867834486146e-292,0.0,1.0,5.345552498785393e-127,0.0
200,../data_cut\aleksandre-pert-3b.wav,3,4.527629186997342e-99,1.0820513555591248e-249,1.0,1.3253544926096938e-138,7.426081254231449e-246
201,../data_cut\nata-khur-5.wav,5,8.270398968339239e-296,0.0,9.16973117910974e-258,2.9626388875769285e-140,1.0
202,../data_cut\levan-gela-4b.wav,5,2.749110739772734e-204,3.1001452486802795e-221,2.0755990567355712e-104,1.3076978787512882e-71,1.0
203,../data_cut\nanuka-altu-2a.wav,3,2.3216901607879817e-115,1.5605756595349163e-269,1.0,5.286636204867922e-66,1.749380635024254e-37
204,../data_cut\revaz-lobz-2g.wav,2,0.0,0.9999999999998667,0.0,8.39059215063426e-38,1.3332943194213893e-13
205,../data_cut\levan-gela-1b.wav,3,2.2147883834563096e-35,8.865989628272967e-173,1.0,4.373129247949751e-176,4.78971373658692e-139
206,../data_cut\levan-gela-2h.wav,5,1.5895654310279842e-262,2.7041594076762985e-88,9.182920779124787e-171,2.38207830930424e-107,1.0
207,../data_cut\anamaria-chkh-3-a.wav,3,2.0259053299062837e-63,0.0,0.9999999999999998,1.8570213944103776e-16,2.436675202074281e-172
208,../data_cut\Mariam-chkh-2b.wav,2,9.05755753561065e-47,1.0,2.436230165645649e-145,1.6160762372441077e-18,1.2362494041191942e-65
209,../data_cut\shota-noza-2.wav,5,1.3065147560238136e-227,5.699621168949712e-94,6.582922191808478e-221,7.303067300897518e-93,1.0
210,../data_cut\levan-gela-2d.wav,5,1.7968530514170093e-216,3.724920074839987e-37,2.3724579089920884e-163,3.423254094777586e-173,1.0
211,../data_cut\l-andg-3a.wav,3,nan,nan,nan,nan,nan
212,../data_cut\demetre-pipi-2h.wav,2,1.9907158206318756e-269,1.0,1.9006587e-317,7.605504859366304e-176,1.7054910052538435e-227
213,../data_cut\anamaria-chkh-2-d.wav,5,1.2943210780145343e-280,4.354961045765068e-59,1.3806834310784597e-181,1.486120727985223e-56,1.0
214,../data_cut\l-andg-5f.wav,5,0.0,2.6492233330346197e-94,0.0,2.2683867762980907e-206,1.0
215,../data_cut\anamaria-chkh-5-d.wav,5,6.321922709840043e-192,1.927e-321,3.53489488125728e-98,3.152342693475466e-91,1.0
216,../data_cut\vika-shon-2c.wav,5,0.0,3.1878117413147554e-39,3.852423426530225e-265,1.1138003538408082e-188,1.0
217,../data_cut\mariam-aval-4d.wav,2,1.4578852592030644e-294,0.9999999999999859,2.2964994860605126e-215,1.414212194784909e-14,6.901745547730042e-89
218,../data_cut\nino-chan-1a.wav,1,0.8178620066726827,3.080938088273852e-289,2.7445742954918733e-130,0.18213799332731734,1.8339420137144284e-19
219,../data_cut\levan-gela-2e.wav,5,2.2242905341479804e-237,3.7419376061904507e-115,1.4386642470714664e-112,3.3587351599431686e-213,1.0
220,../data_cut\revaz-lobz-3e.wav,3,0.0,0.0,1.0,0.0,1.0152643429976347e-300
221,../data_cut\nino-chan-1f.wav,3,3.408061500347866e-108,2.4753457411450254e-144,1.0,1.4096501021077263e-130,4.27325917201785e-92
222,../data_cut\shota-noza-3a.wav,3,nan,nan,nan,nan,nan
223,../data_cut\nino-chan-2c.wav,2,1.2251079607391385e-187,1.0,1.2676922541976503e-113,2.809607823536988e-29,1.3456878185163599e-92
224,../data_cut\nika-onia-5b.wav,5,0.0,1.222241181545643e-195,0.0,2.30553746e-315,1.0
225,../data_cut\nika-onia-5d.wav,5,0.0,3.589494367902585e-252,0.0,0.0,1.0
226,../data_cut\giorgi-chak-3d.wav,3,0.0,0.0,1.0,3.693972857549091e-259,2.739785920678898e-155
227,../data_cut\giorgi-chak-5d.wav,5,0.0,8.58152429802265e-235,0.0,1.5925467406814716e-138,1.0
228,../data_cut\nika-onia-4j.wav,4,0.0,5.443327215350286e-103,0.0,1.0,2.8359307308453184e-62
229,../data_cut\zviad-noza-5a.wav,5,7.359334314336814e-195,1.3659273596962613e-108,8.041659363613754e-181,1.9151564835376463e-92,1.0
230,../data_cut\nino-chan-1d.wav,5,3.0980073523529793e-76,4.9847566355699583e-163,4.1066510776946996e-63,4.936278315118429e-53,1.0
231,../data_cut\gega-dara-1e.wav,1,1.0,0.0,6.644811543632002e-220,1.3953589346563914e-108,7.534775521333249e-183
232,../data_cut\vakho-koto-2b.wav,3,7.056237932502412e-200,1.6027404883273886e-254,1.0,6.6743127518660995e-298,5.21326632733836e-128
233,../data_cut\aleksandre-pert-3e.wav,3,4.270272498127769e-226,0.0,1.0,1.0205252254613806e-265,3.5660573262709945e-261
234,../data_cut\demetre-pipi-3d.wav,3,1.1998419480655505e-210,3.965551386898211e-239,1.0,9.749637365960927e-170,3.655588375838267e-299
235,../data_cut\vakho-koto-2a.wav,2,0.0,1.0,0.0,2.029329218629229e-117,7.1601567883002895e-43
236,../data_cut\demetre-pipi-5f.wav,4,2.9835260268032294e-174,2.500631430943893e-117,3.7564590284e-313,1.0,1.0597581392608462e-64
237,../data_cut\demetre-pipi-3h.wav,3,9.894235218228885e-122,1.6773382906553793e-223,1.0,3.9664867177271326e-183,0.0
238,../data_cut\tamar-bedi-5f.wav,3,1.372027473595868e-44,1.6625300610976666e-266,1.0,7.031065597204731e-163,2.9475631546141825e-26
239,../data_cut\revaz-lobz-2c.wav,5,0.0,1.2539749441667576e-112,0.0,1.1957640961174955e-307,1.0
240,../data_cut\lasha-kiti-2d.wav,3,8.418599692960456e-208,6.698137195677984e-59,0.9999999999959318,1.1667630664794914e-47,4.068210868491465e-12
241,../data_cut\tamar-bedi-1a.wav,1,1.0,0.0,0.0,8.118151571543182e-169,1.4139130075957911e-219
242,../data_cut\aleksandre-surg-4b.wav,3,6.70403984954317e-118,0.0,1.0,1.447156048495751e-200,1.530186679944951e-235
243,../data_cut\levan-gela-3d.wav,3,5.637967157063208e-224,0.0,1.0,0.0,2.908201938875934e-304
244,../data_cut\revaz-lobz-5d.wav,5,0.0,1.7359087324742724e-298,0.0,1.3e-322,1.0
245,../data_cut\devi-khos-2a.wav,2,7.552303659310674e-243,1.0,2.7363088043469803e-111,1.3998749410434086e-30,2.4724887381175306e-114
246,../data_cut\shota-noza-4a.wav,4,0.0,1.6653817132096507e-147,1.1325218326119173e-275,1.0,4.378036768228821e-200
247,../data_cut\vika-shon-2a.wav,5,0.0,1.2425928353880441e-11,8.514556374223929e-291,5.361389173794249e-132,0.9999999999875742
248,../data_cut\devi-khos-3e.wav,3,1.3726466305248664e-280,1.4128503186698427e-247,1.0,1.3777475809595416e-193,0.0
249,../data_cut\demetre-pipi-1a.wav,1,1.0,2.217467053137573e-288,4.499405598442881e-185,3.045557877774733e-280,2.049e-319
250,../data_cut\levan-gela-1g.wav,1,1.0,5.8409303129573334e-108,2.8415462137089978e-58,3.568039952230513e-148,1.354836365661005e-35
251,../data_cut\rezi-mesh-3a.wav,3,7.468092353629483e-224,8.93155301592737e-272,1.0,2.4591422511079974e-253,1.690912519763498e-261
252,../data_cut\nanuka-altu-1b.wav,1,1.0,0.0,1.963257800033217e-124,6.049176493140943e-40,1.4813420300717676e-63
253,../data_cut\giorgi-chak-3c.wav,3,nan,nan,nan,nan,nan
254,../data_cut\rezi-mesh-2b.wav,2,0.0,1.0,0.0,4.172885177598153e-151,4.826969427994178e-129
255,../data_cut\giorgi-chak-4d.wav,5,0.0,1.6829232107062963e-187,0.0,9.477809674433099e-83,1.0
256,../data_cut\giorgi-kala-1-normal.wav,1,1.0,1.819497483652446e-263,1.2896209805125886e-171,8.742294581166428e-250,4.1340614983690474e-130
257,../data_cut\mariam-aval-4c.wav,5,0.0,0.0,1.8825485644788993e-273,0.0,1.0
258,../data_cut\revaz-lobz-1g.wav,1,1.0,0.0,0.0,1.402797416690114e-190,3.1493485200718203e-236
259,../data_cut\aleksandre-pert-5d.wav,5,0.0,1.67122267870717e-310,5.022038995205964e-229,7.6719805529101165e-258,1.0
260,../data_cut\levan-gela-3b.wav,3,1.0816877243332812e-235,0.0,1.0,0.0,1e-323
261,../data_cut\revaz-lobz-1d.wav,1,0.9999999999999994,5.5860408246094264e-123,5.989856028896229e-48,5.1624192644023884e-20,5.530427325695876e-16
262,../data_cut\levan-gela-2j.wav,5,1.822620911972651e-265,9.555025977853701e-32,1.2270506871286064e-179,1.3490024033062756e-169,1.0
263,../data_cut\Mariam-chkh-1g.wav,5,2.815369499845992e-40,0.0,1.490048747659609e-188,1.1531501359624858e-86,1.0
264,../data_cut\demetre-pipi-4j.wav,5,6.718163632406939e-49,1.5001422416229182e-31,4.2780113707867484e-24,4.0737914313806054e-182,1.0
265,../data_cut\gega-dara-5.wav,3,4.203054391555402e-155,8.338033997838985e-87,1.0,3.6917993456778297e-66,5.951702378594848e-113
266,../data_cut\nanuka-altu-5d.wav,4,2.6842109200907057e-101,3.81841382471954e-270,6.332384102954876e-42,1.0,2.1049493426723465e-176
267,../data_cut\levan-gela-5f.wav,5,0.0,0.0,4.25764017491412e-287,0.0,1.0
268,../data_cut\giorgi-kala-1-slow.wav,1,1.0,6.22904702241364e-281,2.4942163393899965e-159,3.7728063921178545e-242,6.30201304799614e-187
269,../data_cut\rezi-mesh-4a.wav,4,3.330508235689369e-229,3.228850814329591e-166,2.415973455687562e-132,1.0,2.3801054598755593e-25
270,../data_cut\vika-shon-1d.wav,5,8.826291951436369e-79,1.8559107550239038e-143,2.1483666685603264e-156,6.39492754875645e-81,1.0
271,../data_cut\demetre-pipi-2b.wav,2,6.21062326719184e-85,1.0,2.032751818957282e-67,5.74819675531949e-159,8.732354841264716e-31
272,../data_cut\l-andg-2c.wav,2,0.0,0.9999999999461479,0.0,1.3757411829260296e-154,5.385217991179758e-11
273,../data_cut\Mariam-chkh-2e.wav,3,1.2393605090491883e-110,7.644027015605757e-94,1.0,3.6115715573650574e-45,1.207911382524147e-125
274,../data_cut\giorgi-kala-4-fast.wav,4,5.164040262389217e-178,1.0020849458046691e-50,5.803032372397644e-176,1.0,5.215110883626285e-60
275,../data_cut\gega-dara-4d.wav,4,3.452739299631277e-125,1.0560827181759529e-36,2.425210011912042e-121,1.0,9.057475873596688e-87
276,../data_cut\tamar-bedi-3g.wav,3,7.458502426719016e-189,0.0,1.0,1.2852087258484518e-290,0.0
277,../data_cut\aleksandre-surg-5a.wav,5,3.447239632036144e-87,2.2656846903391715e-145,1.789349881182991e-48,2.141852411375274e-232,1.0
278,../data_cut\nika-onia-2e.wav,2,0.0,1.0,0.0,4.786296948218343e-156,1.3334186627142212e-199
279,../data_cut\revaz-lobz-1b.wav,1,1.0,0.0,0.0,3.182060674082307e-244,9.601827960821642e-258
280,../data_cut\elene-krav-1.wav,2,3.7199924455048967e-09,0.9999999962800076,2.692855873910531e-68,1.2651157065116174e-21,3.113480825716417e-22
281,../data_cut\giorgi-kala-2-fast.wav,2,3.070611850221777e-19,1.0,5.880547302483918e-91,7.918745094714327e-135,4.007277133265304e-17
282,../data_cut\demetre-pipi-1.wav,1,1.0,2.097108673990364e-309,8.385114352958214e-106,2.50702450927178e-98,5.352806303620967e-125
283,../data_cut\gega-dara-3d.wav,3,9.198809021640862e-286,2.5189372001807887e-295,1.0,1.3654793045556459e-182,2.63132171302587e-275
284,../data_cut\demetre-pipi-3b.wav,3,6.689002962193354e-74,1.9840242746632393e-81,1.0,1.499117869010259e-78,2.5302586416114593e-127
285,../data_cut\aleksandre-surg-2a.wav,5,2.159166374927798e-172,2.910373064872208e-91,9.797991565462297e-95,3.0718920980414606e-178,1.0
286,../data_cut\rezi-mesh-2a.wav,2,0.0,0.9999999529021393,3.612369343929591e-308,2.0527853667661123e-84,4.709786074685937e-08
287,../data_cut\shota-noza-5.wav,5,4.490115604630514e-268,5.721002950484093e-274,4.77952761679504e-241,1.26338944332391e-143,1.0
288,../data_cut\tamar-bedi-1e.wav,1,1.0,0.0,6.79328791782783e-225,9.198051361914653e-270,1.3655095381279972e-227
289,../data_cut\mariam-aval-5e.wav,3,1.0484186048160298e-159,5.883582780513195e-106,1.0,7.697978604875386e-88,4.712492369913254e-50
290,../data_cut\nino-chan-5d.wav,5,1.1337477422218658e-227,5.628201299767594e-72,3.758382999860724e-243,1.4821997735565618e-56,1.0
291,../data_cut\demetre-pipi-5a.wav,4,2.432995923774629e-133,1.488305468161485e-50,7.114058777379641e-224,1.0,6.413629955645553e-42
292,../data_cut\aleksandre-pert-4b.wav,5,1.2840152616211012e-121,1.0737730835897246e-152,2.923211537926041e-77,1.4986558716650848e-47,1.0
293,../data_cut\aleksandre-pert-1.wav,1,1.0,0.0,1.079347235673155e-142,1.224184078933742e-181,1.87151861e-314
294,../data_cut\levan-gela-3e.wav,3,7.865835895671757e-289,0.0,1.0,0.0,0.0
295,../data_cut\bakuri-tsut-1.wav,5,3.1237278330943324e-28,6.1952154064474885e-134,1.4998104650791289e-89,2.79696392945632e-154,1.0
296,../data_cut\nika-onia-3b.wav,3,nan,nan,nan,nan,nan
297,../data_cut\zviad-noza-2a.wav,2,2.6976e-320,1.0,0.0,3.717223464104978e-157,8.243470487250214e-221
298,../data_cut\nanuka-altu-2c.wav,3,9.301446046013752e-62,1.671148274806023e-141,1.0,6.73383448779988e-34,2.3070455058141014e-77
299,../data_cut\devi-khos-5e.wav,5,1.006070736e-315,1.3953064192656673e-97,3.8907184866236915e-286,3.6482725315594953e-215,1.0
300,../data_cut\aleksandre-pert-3d.wav,3,9.463549396253545e-187,1.1669738216e-313,1.0,2.824736512643761e-178,5.853677213442338e-228
301,../data_cut\lasha-kiti-5e.wav,3,2.8625850491659066e-133,6.555639357248283e-239,1.0,2.523769161410412e-63,5.437882534414449e-63
302,../data_cut\demetre-pipi-3e.wav,3,5.140981238800202e-93,6.761947575260659e-37,1.0,9.52921128884505e-106,4.195329424215425e-81
303,../data_cut\aleksandre-pert-2d.wav,2,6.255919999986186e-143,1.0,3.4059609598937645e-132,1.851993697438301e-38,1.3493566934890437e-54
304,../data_cut\aleksandre-pert-2.wav,3,3.49222403828802e-108,5.955905996501711e-67,1.0,4.65143890611086e-249,2.8038777764472446e-59
305,../data_cut\demetre-pipi-1i.wav,1,1.0,0.0,4.8035354606191583e-259,4.5616e-319,0.0
306,../data_cut\gega-dara-3e.wav,3,6.951551514107831e-215,9.55561958871747e-153,1.0,1.6346382049845287e-184,1.89744113588214e-147
307,../data_cut\davit-kvel-1a.wav,1,1.0,0.0,4.460746968109197e-264,1.530631701957796e-235,2.117349772594803e-245
308,../data_cut\nino-chan-3b.wav,3,8.4604457e-316,0.0,1.0,6.461486176205288e-250,0.0
309,../data_cut\bakuri-tsut-5.wav,5,0.0,1.6399148940534534e-223,2.418391316160605e-302,4.575712735332004e-294,1.0
310,../data_cut\zurab-khut-1c.wav,1,nan,nan,nan,nan,nan
311,../data_cut\gega-dara-2e.wav,2,6.300496412367707e-232,1.0,7.86504202350335e-259,1.070358845844189e-165,3.33365829313358e-122
312,../data_cut\nika-onia-4g.wav,4,0.0,4.503520966753549e-44,0.0,1.0,2.2647355268224494e-20
313,../data_cut\anamaria-chkh-1-d.wav,1,0.9997957711412638,1.0253607443883649e-67,6.119611976800399e-05,1.8859607707004577e-102,0.0001430327389682532
314,../data_cut\aleksandre-pert-4a.wav,5,1.557258544308944e-55,1.491740882272068e-237,4.895643491475738e-57,6.753615163683826e-50,1.0
315,../data_cut\revaz-lobz-4c.wav,5,nan,nan,nan,nan,nan
316,../data_cut\aleksandre-pert-4.wav,4,8.305967697746091e-285,6.964222319400303e-268,1.4683347713180215e-277,1.0,3.681845707946309e-207
317,../data_cut\rezi-mesh-1a.wav,1,1.0,2.712833689932194e-307,2.872255513479235e-96,2.2647586163734393e-219,2.9894075866978668e-183
318,../data_cut\demetre-pipi-5i.wav,4,6.846072561575587e-165,1.2241811124536302e-111,7.8136972157867345e-252,1.0,6.17320680095495e-63
319,../data_cut\levan-gela-1a.wav,1,1.0,6.584549978220149e-270,2.097182125719459e-92,2.0218926965308912e-259,7.996665304561181e-183
320,../data_cut\demetre-pipi-4g.wav,4,1.2055489285640703e-176,9.92549514745875e-143,7.14730925065824e-179,1.0,3.922066683313618e-224
321,../data_cut\irakli-mghe-2-c.wav,5,6.397475923237552e-146,0.0,2.7763105219648947e-158,3.2199106666063313e-165,1.0
322,../data_cut\vika-shon-1a.wav,5,9.470846570949566e-102,6.02427643688907e-123,2.820105751730752e-40,2.9958466921414704e-148,1.0
323,../data_cut\demetre-pipi-5h.wav,2,1.6995935942783604e-65,1.0,5.279610035544441e-152,8.959399013746016e-18,1.0022044050057673e-90
324,../data_cut\lasha-kiti-1e.wav,4,3.3396425215456604e-43,1.2956630966903985e-184,3.4784541458255684e-30,1.0,1.4109994939203e-104
325,../data_cut\aleksandre-surg-3a.wav,3,5.358970848608326e-223,6.844089075123547e-158,0.9999999999999957,2.4961333384998537e-68,4.34284524691267e-15
326,../data_cut\devi-khos-2e.wav,4,2.044494342182586e-152,8.251677756369555e-19,2.2281700457064054e-40,1.0,1.3949965178634624e-86
327,../data_cut\nanuka-altu-3e.wav,3,1.6028598415988322e-197,6.098877025705259e-259,1.0,4.462143902862081e-177,4.21907947123e-313
328,../data_cut\levan-gela-3j.wav,3,4.809000908522338e-243,3.188099186918654e-300,1.0,0.0,2.9634219806416526e-259
329,../data_cut\Mariam-chkh-1a.wav,5,6.150463563630394e-52,3.4344903315791243e-253,2.8081810386962297e-193,5.852776164721626e-129,1.0
330,../data_cut\Mariam-chkh-1c.wav,5,3.4957119743409453e-187,4.278221945637829e-170,1.6505730779682295e-72,3.7530302432540845e-119,1.0
331,../data_cut\demetre-pipi-4c.wav,4,1.3829876702583832e-135,8.009461500406163e-108,4.0445186110673204e-134,1.0,5.240984589616494e-173
332,../data_cut\rezi-mesh-2c.wav,5,6.569181425711542e-262,2.7270365567409713e-112,1.0834875654324684e-164,1.2645608253460582e-192,1.0
333,../data_cut\demetre-pipi-3a.wav,3,1.7330861270485272e-160,3.785332853762376e-290,1.0,4.221355929563457e-211,0.0
334,../data_cut\levan-gela-1j.wav,5,7.999817691844541e-98,1.268272686661719e-171,1.1168818738231096e-141,5.587735387874535e-145,1.0
335,../data_cut\elene-krav-4.wav,3,1.9194415408819702e-45,8.965250511089891e-84,1.0,6.945213203878498e-44,1.7340846042547486e-58
336,../data_cut\vika-shon-2b.wav,5,1.0585748506857975e-286,1.1580463469478436e-31,7.630378605794952e-210,2.8331410441920817e-298,1.0
337,../data_cut\nika-onia-1a.wav,1,0.9887280524781583,1.9854558534428288e-159,0.011271947509590123,1.2251622466209796e-11,3.5952890926344377e-99
338,../data_cut\vika-shon-5c.wav,5,2.66700625662918e-184,2.110780050467237e-210,7.575609590111859e-98,6.031274281267347e-105,1.0
339,../data_cut\bakuri-tsut-4.wav,2,0.0,1.0,5e-324,1.152346370636775e-56,9.017169466937225e-141
340,../data_cut\gega-dara-4e.wav,4,1.9098639409008906e-136,6.193900728780852e-203,1.420517572830103e-177,1.0,6.14273780053005e-55
341,../data_cut\devi-khos-5c.wav,5,3.3649983657317053e-250,2.867323653048648e-136,8.735274332693824e-166,1.800336580655737e-206,1.0
342,../data_cut\devi-khos-4c.wav,4,2.8858702205363877e-130,9.876799745740074e-117,7.747856377082879e-19,1.0,4.215072718421649e-57
343,../data_cut\Mariam-chkh-1d.wav,4,4.188457064598964e-15,4.3539282945646835e-66,2.4083986886531239e-32,0.8763249857953413,0.12367501420465431
344,../data_cut\demetre-pipi-3.wav,3,0.0,3.070016520577451e-305,1.0,7.12757484695012e-85,1.0101918929159042e-290
345,../data_cut\vika-shon-3a.wav,3,0.0,0.0,1.0,0.0,4.116838284350037e-212
346,../data_cut\zurab-khut-2c.wav,5,4.319918011567246e-118,3.066326911869385e-33,7.225011718065706e-183,4.736528525915932e-73,1.0
347,../data_cut\aleksandre-pert-5a.wav,5,4.168334787132219e-232,2.4051653104441014e-217,2.128011844782017e-270,4.967976390642704e-269,1.0
348,../data_cut\vika-shon-5a.wav,5,2.4928558982321697e-267,9.434716337280641e-109,1.647234271950713e-86,2.204207656157094e-218,1.0
349,../data_cut\lasha-kiti-2c.wav,4,0.0,3.071937946210025e-20,4.684181346323606e-272,1.0,2.7281113723416947e-26
350,../data_cut\l-andg-4c.wav,5,0.0,8.849189638056132e-101,0.0,4.4990388279334396e-66,1.0
351,../data_cut\lasha-kiti-2b.wav,4,3.0779654470697106e-147,2.279017665140371e-47,1.7524855202562702e-69,1.0,1.4321135322639122e-33
352,../data_cut\giorgi-chak-1d.wav,1,1.0,1.1398188149402354e-200,1.099405087406943e-129,1.076185770519823e-173,4.0855595706138615e-186
353,../data_cut\gega-dara-5b.wav,5,0.0,6.879221302880505e-177,0.0,3.3283543723214404e-160,1.0
354,../data_cut\nika-onia-1b.wav,1,1.0,0.0,4.947377748607698e-164,2.73992350526956e-197,3.2868647042267816e-179
355,../data_cut\gega-dara-3c.wav,3,8.401052486223072e-155,1.1143113559352124e-164,1.0,5.238106367242526e-188,1.20597250912112e-147
356,../data_cut\giorgi-kala-5-fast.wav,5,0.0,2.0583963373936135e-262,1.0656324164445958e-296,5.006932542196247e-240,1.0
357,../data_cut\zviad-noza-3a.wav,3,9.246441455004548e-273,4.8245480926849724e-291,1.0,4.6522865077566545e-143,1.020942735153191e-271
358,../data_cut\giorgi-chak-5b.wav,3,4.7254566151243284e-285,2.7929e-318,1.0,2.8935808627220106e-184,5.075676563708046e-202
359,../data_cut\mariam-aval-2c.wav,5,nan,nan,nan,nan,nan
360,../data_cut\nika-onia-1c.wav,1,1.0,1.339623007689009e-228,1.4876701578353765e-263,1.6664203875977905e-201,6.771943559407788e-113
361,../data_cut\l-andg-5a.wav,5,0.0,3.475415771473744e-282,4.486349091154848e-136,1.1661075401881476e-193,1.0
362,../data_cut\aleksandre-pert-4e.wav,5,2.0155733375046766e-154,1.4098624084641945e-172,3.6748027580303833e-267,2.9189202574038007e-28,1.0
363,../data_cut\aleksandre-surg-2c.wav,3,9.92448181495877e-165,2.0104146646694024e-250,1.0,6.012493589067283e-224,1.5379737795751523e-147
364,../data_cut\Mariam-chkh-5e.wav,5,9.181977823042302e-78,2.827947221285852e-279,2.2953145728853174e-183,3.155589861761863e-30,1.0
365,../data_cut\Mariam-chkh-5d.wav,4,5.0032391881819226e-147,3.426646890630179e-47,1.1387480834587253e-25,1.0,2.9426273769514916e-62
366,../data_cut\devi-khos-5b.wav,5,3.0812906799513932e-226,7.378150295909052e-136,7.668129783256404e-125,7.220966913552358e-208,1.0
367,../data_cut\nino-chan-2.wav,2,4.1313704364362245e-246,1.0,7.753561547159173e-138,2.3321268384999474e-129,3.6356442799992756e-140
368,../data_cut\tamar-bedi-5c.wav,5,0.0,0.0,0.0,6.686173653435201e-256,1.0
369,../data_cut\nino-chan-3e.wav,3,3.403931287773918e-149,2.0655809342844445e-157,1.0,1.2439040513452438e-122,1.4968968523092912e-145
370,../data_cut\gega-dara-1a.wav,4,7.129732246352336e-62,1.9814457143139555e-35,8.877283675446324e-82,1.0,1.0971092396809535e-97
371,../data_cut\shota-noza-2a.wav,2,6.208867413402208e-284,1.0,0.0,9.252983379234285e-98,2.30183488001405e-87
372,../data_cut\zviad-noza-2c.wav,5,6.698025742668905e-199,1.4547182257346129e-24,5.7031237931054815e-70,3.789878327556239e-55,1.0
373,../data_cut\rezi-mesh-4c.wav,2,1.4081704854768548e-194,1.0,1.1574449387281172e-230,6.329099825207939e-57,3.4631236110527924e-59
374,../data_cut\nanuka-altu-4e.wav,5,7.039317009696253e-140,3.840694444169886e-242,5.059681719115937e-39,4.096737467077725e-37,1.0
375,../data_cut\davit-kvel-2b.wav,5,4.671739098009575e-243,7.546936293239048e-41,6.236321223484283e-135,6.048749183772205e-05,0.9999395125081623
376,../data_cut\zviad-noza-5d.wav,5,1.5432222644661125e-147,6.608330210499349e-115,1.3590389764177433e-73,4.835566296102011e-100,1.0
377,../data_cut\shota-noza-2b.wav,2,0.0,1.0,0.0,1.881303159294071e-42,5.795167635740778e-134
378,../data_cut\vika-shon-4c.wav,4,8.97699402077755e-291,7.364047709014419e-45,5.2208664116407734e-89,1.0,1.1513925368166587e-102
379,../data_cut\nino-chan-5.wav,5,0.0,2.2063162935526567e-208,0.0,5.003204296444487e-143,1.0
380,../data_cut\devi-khos-2b.wav,2,6.822059085011719e-230,1.0,2.4936985315581032e-93,6.072158022341535e-102,1.484865562309161e-33
381,../data_cut\zurab-khut-2a.wav,1,1.0,2.535780160826037e-88,2.415883928798743e-221,4.807729035319965e-78,1.2386699188951312e-41
382,../data_cut\demetre-pipi-1f.wav,1,1.0,0.0,8.032043534754448e-280,1.0928219477557187e-291,0.0
383,../data_cut\shota-noza-2c.wav,5,0.0,3.0891770652453376e-07,1.9414739573414589e-252,0.0002452579652119393,0.9997544331170816
384,../data_cut\nanuka-altu-2d.wav,3,7.234541843783689e-107,2.1530280265989398e-197,0.9998698961782336,0.00013010382176640559,1.7275721161954012e-69
385,../data_cut\demetre-pipi-4e.wav,4,9.601639841598602e-158,2.1372808801388492e-99,4.454569443947463e-167,1.0,3.524328293043019e-207
386,../data_cut\nino-chan-2a.wav,2,4.558323032884622e-258,1.0,3.228914895305682e-154,1.769359763877793e-130,2.728626816777511e-143
387,../data_cut\anamaria-chkh-4-c.wav,5,2.7231902948548917e-251,0.0,3.058238898089202e-120,3.562875985217862e-61,1.0
388,../data_cut\l-andg-4a.wav,4,0.0,2.9610024135243724e-25,0.0,1.0,8.328594101521889e-61
389,../data_cut\lasha-kiti-5d.wav,5,0.0,4.229648215693109e-301,0.0,9.521137005441463e-177,1.0
390,../data_cut\tamar-bedi-1g.wav,1,nan,nan,nan,nan,nan
391,../data_cut\tamar-bedi-4c.wav,4,9.531622268870211e-124,0.0,3.208197722486357e-13,0.9999999999996791,2.245778076897029e-53
392,../data_cut\vakho-koto-5a.wav,5,2.251408277923562e-308,1.3459906615569e-310,2.8146877302441302e-216,9.842872547892293e-220,1.0
393,../data_cut\devi-khos-1.wav,1,1.0,1.4582155941204238e-274,3.459628525804891e-62,4.6125944316097017e-175,2.7583684720771443e-127
394,../data_cut\demetre-pipi-4h.wav,4,4.2578259339079265e-250,6.01312527001754e-130,4.2899830899723383e-228,1.0,1.0752859879882154e-217
395,../data_cut\demetre-pipi-4.wav,5,1.589322890617256e-165,1.701243493800969e-76,1.6748508060912282e-138,3.406523089585717e-91,1.0
396,../data_cut\gega-dara-4c.wav,4,4.501066790830969e-168,2.26827211708885e-255,6.200737234401174e-274,1.0,2.1008062350610728e-82
397,../data_cut\levan-gela-5e.wav,5,9.256878051907629e-208,1.1785487136642868e-219,1.672047410406607e-63,1.2244760304204774e-204,1.0
398,../data_cut\irakli-mghe-1-a.wav,5,1.0294706043949216e-247,5.315756337647376e-306,6.013765174681452e-280,2.7820455575486093e-151,1.0
399,../data_cut\aleksandre-surg-4c.wav,4,5.089189112845701e-104,3.528928924633997e-129,5.464168505171799e-156,1.0,1.194184163544501e-96
400,../data_cut\levan-gela-4c.wav,5,1.02207713003197e-310,1.2499921950907942e-232,3.9891984943249744e-276,4.946804179687474e-47,1.0
401,../data_cut\l-andg-3c.wav,3,nan,nan,nan,nan,nan
402,../data_cut\nanuka-altu-4d.wav,1,1.0,3.2094884217248557e-195,5.55488965413677e-19,2.316483280117529e-87,9.498671968338026e-67
403,../data_cut\giorgi-kala-2-slow.wav,2,8.357174008385353e-270,1.0,5.4e-322,4.7371565425613e-209,1.1157120788858297e-65
404,../data_cut\Mariam-chkh-3b.wav,3,5.97758151700237e-98,1.7727178278977435e-286,1.0,3.43714774095009e-92,3.6184854943353565e-206
405,../data_cut\giorgi-kala-3-fast.wav,3,8.497414914984006e-85,9.646149711575324e-163,1.0,5.837126053882782e-185,5.683298815637639e-65
406,../data_cut\lasha-kiti-3b.wav,3,4.2642179839149634e-191,0.0,1.0,4.7722030273835594e-73,2.6126497911162987e-200
407,../data_cut\zviad-noza-2d.wav,2,3.0428619781173613e-96,1.0,4.789048166383472e-104,6.089011621626987e-107,1.0069608276294508e-89
408,../data_cut\elene-krav-5.wav,1,1.0,1.6226732235065137e-145,1.4970453976188915e-48,3.504322832000208e-119,5.9133359502881814e-58
409,../data_cut\demetre-pipi-3f.wav,3,2.70519290564854e-47,4.235299706460837e-153,1.0,9.033734064582293e-44,6.936847979018254e-153
410,../data_cut\anamaria-chkh-5-b.wav,5,1.4551109802820973e-220,5.792622090182237e-306,2.5224120545624128e-136,1.2461118247968838e-160,1.0
411,../data_cut\vakho-koto-3a.wav,3,9.696103833840152e-252,1.0743285710351549e-291,1.0,1.82385821854362e-273,1.5866184745595155e-306
412,../data_cut\Mariam-chkh-4c.wav,4,1.1847889354454553e-59,2.080121768036192e-243,2.0326033487061603e-184,1.0,1.2005805813020101e-175
413,../data_cut\demetre-pipi-2e.wav,2,4.1091875176462105e-219,1.0,1.042268045308192e-237,5.148702339975066e-132,4.089186581381944e-181
414,../data_cut\devi-khos-3b.wav,3,1.3748013061793398e-293,8.032214527432941e-219,1.0,7.434943554988531e-186,0.0
415,../data_cut\lasha-kiti-1c.wav,1,1.0,6.729427595323339e-281,9.007135098337248e-178,3.6836471283620303e-51,8.621335540294421e-38
416,../data_cut\rezi-mesh-5a.wav,5,4.781661552793373e-182,1.2020640694195961e-272,1.3958065599579592e-40,9.702664797706749e-145,1.0
417,../data_cut\demetre-pipi-4i.wav,4,5.117013458429198e-214,1.8940043302810296e-123,7.554040383930173e-224,1.0,7.036481328587191e-172
418,../data_cut\devi-khos-2c.wav,4,8.091755357676092e-166,4.749756909154588e-20,3.0869479946612457e-28,0.9999999964011558,3.5988442480480383e-09
419,../data_cut\aleksandre-surg-3b.wav,3,1.179192448234933e-226,0.0,1.0,0.0,0.0
420,../data_cut\demetre-pipi-5.wav,5,0.0,2.4750630481169714e-189,6.008042679104371e-150,1.0237916839185444e-264,1.0
421,../data_cut\lasha-kiti-5a.wav,3,9.887594154784506e-181,1.8328969205508985e-213,1.0,1.7713505995915303e-107,7.523675706749598e-20
422,../data_cut\davit-kvel-2a.wav,4,1.6641776716018818e-174,7.46166050862971e-64,1.0329240661987006e-40,1.0,7.188438622741173e-21
423,../data_cut\nika-onia-2j.wav,2,0.0,1.0,0.0,2.0585486580272421e-168,2.210689644617613e-72
424,../data_cut\levan-gela-3f.wav,3,7e-322,0.0,1.0,0.0,6.611697057988456e-286
425,../data_cut\devi-khos-1c.wav,1,1.0,0.0,4.992843750597373e-130,0.0,2.417085257162718e-273
426,../data_cut\zviad-noza-4a.wav,5,4.8883588917520614e-207,1.2778517258461463e-175,3.737045536596288e-152,5.351511520788705e-08,0.9999999464848848
427,../data_cut\tamar-bedi-5d.wav,5,4.035613639018518e-298,0.0,1.95117405410784e-235,1.399310435415709e-178,1.0
428,../data_cut\gega-dara-2a.wav,3,3.954024767153344e-125,9.388451944756489e-82,1.0,6.700233431316677e-83,2.7975523850918036e-39
429,../data_cut\aleksandre-pert-1b.wav,1,1.0,0.0,1.1900555336800033e-285,1.1712792586785322e-236,1.565683756988879e-188
430,../data_cut\nanuka-altu-4c.wav,3,2.6599762203731714e-42,4.810972319180018e-265,1.0,3.6562351555790465e-90,8.836774538846747e-114
431,../data_cut\l-andg-5d.wav,5,0.0,4.968020722229753e-295,0.0,9.839958697745576e-175,1.0
432,../data_cut\zviad-noza-1e.wav,1,1.0,0.0,0.0,9.935592676168722e-262,3.1499249927625604e-128
433,../data_cut\nanuka-altu-5a.wav,5,5.741374434744357e-143,4.470952694584237e-201,1.928984131744917e-99,2.8252044645849146e-77,1.0
434,../data_cut\devi-khos-5a.wav,5,2.1239781354521288e-281,3.8485911875740144e-116,4.77249794574995e-271,3.064600432166866e-181,1.0
435,../data_cut\giorgi-chak-4b.wav,3,1.2104838281045363e-251,0.0,1.0,4.616644542746812e-115,5.310175286683561e-188
436,../data_cut\devi-khos-3.wav,5,7.536956782964186e-206,2.993896826077027e-145,1.3868701786225044e-82,1.541723416009861e-172,1.0
437,../data_cut\aleksandre-surg-1b.wav,1,0.9999999999930578,3.2006886096503334e-200,6.926166262831594e-188,6.942230852197438e-12,1.4916295829280973e-61
438,../data_cut\shota-noza-4c.wav,4,6.465538865065396e-296,1.0262896236302416e-209,5.5624920797420014e-288,1.0,5.2211630837831224e-207
439,../data_cut\revaz-lobz-5f.wav,5,nan,nan,nan,nan,nan
440,../data_cut\rezi-mesh-3b.wav,5,0.0,5.319596738588833e-26,6.952878442613474e-153,2.2881047130825396e-256,1.0
441,../data_cut\nanuka-altu-4a.wav,3,1.4617439460536573e-173,7.2821234707883945e-308,1.0,5.236388060729867e-119,6.544806832334709e-262
442,../data_cut\nika-onia-3a.wav,3,nan,nan,nan,nan,nan
443,../data_cut\nata-khur-2.wav,2,3.40988066e-316,0.9422735660593459,1.3110008353969673e-280,0.05772643394065411,4.1207590101471295e-78
444,../data_cut\devi-khos-4.wav,4,2.859488555412e-311,1.9643470167903197e-307,0.0,1.0,7.913173888108195e-23
445,../data_cut\gega-dara-1d.wav,1,1.0,9.18489795051939e-289,2.0764503004840838e-191,4.651187987768592e-85,5.7562235585527e-154
446,../data_cut\l-andg-2e.wav,5,4.1153743361899676e-258,2.832595390888587e-107,1.3462820020570146e-150,2.1706068786499346e-145,1.0
447,../data_cut\devi-khos-1b.wav,1,1.0,1.743012312019192e-298,1.2913329792975544e-117,0.0,7.246222549949926e-256
448,../data_cut\revaz-lobz-1f.wav,1,1.0,0.0,0.0,3.509629679276689e-210,3.0881561186765566e-174
449,../data_cut\lasha-kiti-3d.wav,3,2.862094170202174e-230,6.875347961158907e-277,1.0,1.0790952767954053e-144,6.93621011932777e-179
450,../data_cut\shota-noza-5c.wav,5,0.0,5.827122171524322e-208,2.3033221764128344e-295,1.7370594407081024e-165,1.0
451,../data_cut\gega-dara-1c.wav,1,1.0,0.0,1.8689987332144992e-224,5.274781087779169e-189,7.95102143009884e-206
452,../data_cut\giorgi-chak-2c.wav,2,7.204438910830098e-209,1.0,6.087580839467239e-219,1.041596249369777e-195,8.964854032386091e-38
453,../data_cut\irakli-mghe-3-c.wav,5,3.631548807256069e-180,0.0,3.8013911546134984e-224,2.8750785185624943e-153,1.0
454,../data_cut\zviad-noza-1a.wav,1,1.0,4.114666369213996e-251,9.804306129441502e-101,2.0152724208179538e-166,8.7865270597347e-173
455,../data_cut\aleksandre-pert-1f.wav,3,0.006023163192275425,2.094815224210335e-195,0.9939768368077245,1.603189111560517e-77,1.7479360629934486e-174
456,../data_cut\levan-gela-1i.wav,1,1.0,4.400808569791858e-188,5.673886968559157e-257,7.2035e-320,2.7591500572547836e-156
457,../data_cut\levan-gela-4g.wav,5,3.8347396464039014e-173,1.1661728060035668e-210,1.013985149873625e-73,1.5493460538732848e-44,1.0
458,../data_cut\mariam-aval-2b.wav,5,0.0,4.8451554562098605e-186,6.795011749507266e-255,1.4144493714057096e-227,1.0
459,../data_cut\levan-gela-3i.wav,3,nan,nan,nan,nan,nan
460,../data_cut\l-andg-2a.wav,4,1.3990135302546698e-119,8.826852892341925e-142,2.8687973152451755e-123,1.0,2.412966196037515e-42
461,../data_cut\anamaria-chkh-1-b.wav,3,3.9056528790146295e-80,2.6014102951941208e-148,0.999854435053539,2.4314404167663175e-82,0.0001455649464610622
462,../data_cut\nino-chan-4a.wav,4,4.8315420000887065e-143,1.1363294004347354e-180,1.0301865893230302e-208,1.0,1.4889101209842614e-156
463,../data_cut\zurab-khut-5a.wav,5,3.987560323929234e-153,1.1679807494464593e-134,9.254498239528853e-176,4.3831663110338805e-132,1.0
464,../data_cut\gega-dara-5e.wav,5,3.8259031183858004e-271,1.510083900251154e-261,3.8082908061417137e-252,1.1273759990646374e-233,1.0
465,../data_cut\nika-onia-5c.wav,5,0.0,9.513832437251903e-250,0.0,1.3547011547040539e-285,1.0
466,../data_cut\nanuka-altu-5b.wav,1,1.0,1.7438762130593325e-81,9.871710989381844e-34,2.2197972619178826e-71,5.144727463482532e-56
467,../data_cut\davit-kvel-3a.wav,3,4.884982715315224e-211,1.050967110815e-311,1.0,2.1153701110771058e-150,1.75434511505518e-309
468,../data_cut\zviad-noza-2e.wav,5,0.0,5.990761497142385e-38,0.0,1.369113421155241e-207,1.0
469,../data_cut\aleksandre-pert-2c.wav,2,4.584859301984349e-105,1.0,1.0804237068463099e-85,1.356577033664683e-37,5.870052520920007e-78
470,../data_cut\irakli-mghe-5-b.wav,5,5.220162137251e-187,0.0,3.301665660248482e-151,5.268751516255195e-100,1.0
471,../data_cut\davit-kvel-4a.wav,4,1.450007775751844e-247,2.074521771358451e-247,5.531074927800706e-285,1.0,4.803426357907341e-219
472,../data_cut\mariam-aval-1c.wav,1,1.0,1.4445623672587909e-226,1.24018600311494e-78,4.592865335325033e-44,4.692173774054943e-60
473,../data_cut\levan-gela-4e.wav,5,0.0,7.070648368315033e-145,0.0,1.1006798764780733e-52,1.0
474,../data_cut\Mariam-chkh-5c.wav,4,9.136256291699966e-96,2.660617736034832e-180,1.7287701467935423e-85,1.0,6.346625529425174e-29
475,../data_cut\vika-shon-1c.wav,5,1.2113243029677254e-107,2.2425859593356985e-73,2.0278495739678732e-42,2.883502178741334e-303,1.0
476,../data_cut\nino-chan-4e.wav,3,2.858462246894652e-136,1.8797065659538633e-52,1.0,1.21870169348015e-60,5.674744620294415e-107
477,../data_cut\gega-dara-2d.wav,2,0.0,1.0,0.0,1.729311581540526e-144,1.8420043523085312e-135
478,../data_cut\demetre-pipi-1c.wav,1,1.0,0.0,1.3408188504858866e-225,1.0045140781753827e-244,4.7333972175104835e-298
479,../data_cut\devi-khos-4b.wav,4,1.3972604886804338e-203,1.293740973281414e-111,9.455930790158335e-112,1.0,1.6820159736594723e-64
480,../data_cut\nino-chan-4c.wav,4,2.2354456614160619e-190,5.039057774865142e-293,4.747399069857505e-280,1.0,1.2200401871470593e-51
481,../data_cut\devi-khos-4e.wav,4,3.074521609314896e-164,3.3246153402276154e-54,5.4706144309299615e-129,1.0,6.38070368792426e-70
482,../data_cut\tamar-bedi-3b.wav,3,nan,nan,nan,nan,nan
483,../data_cut\levan-gela-2c.wav,5,0.0,1.4195868431721927e-109,8.39656363140775e-306,1.0831889855094785e-206,1.0
484,../data_cut\giorgi-kala-3-normal.wav,3,nan,nan,nan,nan,nan
485,../data_cut\rezi-mesh-1b.wav,1,1.0,4.539381070593686e-271,5.482526728081289e-161,1.9749696152811596e-227,2.3285020536177402e-185
486,../data_cut\demetre-pipi-5c.wav,4,1.9222809583592115e-122,4.081471084907904e-61,1.275382158797665e-186,1.0,3.1359869287692283e-43
487,../data_cut\lasha-kiti-1d.wav,4,5.770932770808197e-35,3.020229839538898e-189,2.4051118718783792e-64,1.0,1.0077792894141298e-59
488,../data_cut\revaz-lobz-2e.wav,2,4.978592520552408e-227,1.0,0.0,5.563782499186959e-157,1.9894848679966014e-159
489,../data_cut\l-andg-4d.wav,5,0.0,8.849189638056132e-101,0.0,4.4990388279334396e-66,1.0
490,../data_cut\l-andg-1b.wav,1,1.0,0.0,1.5875288999358704e-297,0.0,9.689481303361874e-232
491,../data_cut\aleksandre-pert-1d.wav,1,1.0,0.0,6.682903704809169e-233,9.05502429676463e-253,4.127243953192105e-174
492,../data_cut\davit-kvel-1b.wav,1,1.0,0.0,1.6757096185641367e-290,1.2588364769890996e-134,5.11653185216466e-209
493,../data_cut\demetre-pipi-5d.wav,5,3.260119621631464e-154,2.57951682099714e-53,1.6907782997286806e-251,0.010932809541491085,0.989067190458509
494,../data_cut\zviad-noza-3c.wav,3,0.0,0.0,1.0,3.410458780490159e-226,0.0
495,../data_cut\revaz-lobz-3g.wav,5,3.4183523181780892e-202,1.298950183318503e-231,4.95745413561839e-16,5.446150227658272e-170,0.9999999999999996
496,../data_cut\tamar-bedi-2c.wav,3,1.3685711741933316e-151,4.90194620429629e-282,1.0,8.814205073644345e-22,7.133479947958738e-148
497,../data_cut\tamar-bedi-2a.wav,4,1.3905390356205457e-72,4.799496130680142e-10,3.198437720948397e-183,0.9999999995194745,5.758426320000439e-13
498,../data_cut\zviad-noza-1c.wav,1,1.0,0.0,1.98988893599463e-207,8.273869965878971e-265,5.585103663845689e-272
499,../data_cut\nino-chan-4b.wav,4,5.0673604711887315e-108,1.6647058294989724e-203,6.756713802026659e-213,1.0,2.334176093999229e-100
500,../data_cut\anamaria-chkh-4-e.wav,4,3.3281172048285115e-176,0.0,1.0996015143572832e-41,0.9999869894396443,1.301056035578745e-05
501,../data_cut\shota-noza-1b.wav,5,3.124056983095034e-39,3.8681906058695185e-219,2.589634572759209e-89,2.5600059666131063e-68,1.0
502,../data_cut\nino-chan-1e.wav,3,3.56566795474045e-42,9.34165971574838e-93,1.0,1.0990538702910228e-48,3.238441103244313e-55
503,../data_cut\vika-shon-4a.wav,3,5.056931400045284e-261,1.4496020822252437e-122,1.0,3.3970386317528993e-124,4.21977716580026e-133
504,../data_cut\devi-khos-1a.wav,5,1.5266423926127115e-67,5.5893068745014125e-171,1.170360312526846e-89,1.3979208522018018e-120,1.0
505,../data_cut\tamar-bedi-4g.wav,4,1.0989091194171633e-72,1.3817822533270014e-167,7.674930740137843e-236,1.0,1.2157926218211972e-148
506,../data_cut\anamaria-chkh-5-c.wav,5,2.4468762703554736e-146,1.1744461130299312e-280,3.023830728031554e-84,1.2133944033311395e-123,1.0
507,../data_cut\levan-gela-1h.wav,1,1.0,3.1757727794279714e-194,1.6391757043201464e-131,4.725464628861255e-243,1.2130279282756705e-72
508,../data_cut\tamar-bedi-4d.wav,4,1.890908763530183e-257,0.0,1.845087156384482e-228,1.0,3.272883068138764e-97
509,../data_cut\Mariam-chkh-2c.wav,3,6.953660353040965e-39,4.160002979297904e-37,1.0,4.3732115340272753e-64,2.9692725769127252e-124
510,../data_cut\revaz-lobz-3a.wav,3,5.046346571084068e-224,2.8726634692812293e-211,0.9927664544297368,0.0,0.007233545570263309
511,../data_cut\giorgi-chak-5a.wav,5,1.5311501993772442e-274,9.82708897340694e-310,8.019323601e-314,1.8198619758160888e-199,1.0
512,../data_cut\demetre-pipi-1d.wav,1,1.0,0.0,9.431825206409782e-264,4.57806e-319,0.0
513,../data_cut\revaz-lobz-5b.wav,5,nan,nan,nan,nan,nan
514,../data_cut\lasha-kiti-5b.wav,3,5.70805097482562e-174,4.072087136834612e-197,1.0,2.860692731144662e-35,3.507773786430163e-44
515,../data_cut\nino-chan-2b.wav,2,3.796163448571374e-192,1.0,9.814404264800288e-124,2.417403339365416e-28,1.2607454649697557e-63
516,../data_cut\lasha-kiti-5c.wav,5,4.5994689499628805e-90,3.531277359055266e-222,3.589985996441328e-87,2.222071343385741e-57,1.0
517,../data_cut\mariam-aval-5b.wav,5,nan,nan,nan,nan,nan
518,../data_cut\tamar-bedi-2d.wav,3,6.731970099079559e-155,2.227887459315665e-165,1.0,2.0853364028618867e-46,3.4924142596986914e-140
519,../data_cut\gega-dara-2.wav,3,7.6120432079379e-125,5.538822478635588e-125,1.0,1.288498044406666e-28,1.573989041128606e-76
520,../data_cut\gega-dara-2b.wav,2,1.2878410959589906e-110,1.0,4.9889218047916606e-254,2.8270604126467187e-146,1.0866821937739654e-52
521,../data_cut\nino-chan-5b.wav,2,4.7221640385497113e-166,1.0,2.584777979046331e-87,7.08830259173131e-23,6.601385629580097e-60
522,../data_cut\Mariam-chkh-5b.wav,4,6.571805993180889e-121,2.8129218323949353e-298,7.516342188481798e-233,1.0,8.661137971428742e-97
523,../data_cut\zviad-noza-3b.wav,3,0.0,0.0,1.0,0.0,0.0
524,../data_cut\vika-shon-2d.wav,5,0.0,1.2982725666546932e-23,1.18960148729419e-298,2.1275308504411492e-135,1.0
525,../data_cut\mariam-aval-4e.wav,3,3.329680433220288e-55,8.282396582412645e-168,1.0,8.057775993490993e-59,1.452939911840133e-143
526,../data_cut\tamar-bedi-3a.wav,3,nan,nan,nan,nan,nan
527,../data_cut\mariam-aval-5a.wav,5,3.2032722931614847e-279,7.788671539935668e-238,4.2351904762817105e-71,1.2368440787194952e-209,1.0
528,../data_cut\zviad-noza-1d.wav,1,1.0,1.0034313425719215e-231,9.651431040574218e-118,4.858449680538343e-175,5.1941778992273076e-222
529,../data_cut\zurab-khut-1a.wav,1,1.0,0.0,2.6956e-320,9.77931789605293e-220,0.0
530,../data_cut\irakli-mghe-5-c.wav,5,9.607233134857669e-186,0.0,8.927233879258069e-216,2.0801382345060904e-177,1.0
531,../data_cut\shota-noza-4b.wav,4,0.0,2.2620022727280977e-139,0.0,1.0,7.731235994919295e-175
532,../data_cut\levan-gela-2f.wav,5,3.9973721063e-313,2.032479200504076e-67,3.4639412664745986e-285,2.9972511721120733e-204,1.0
533,../data_cut\levan-gela-4a.wav,5,9.378533440425359e-230,9.067483434763673e-150,1.2423248351094755e-164,2.3499133477841096e-63,1.0
534,../data_cut\vika-shon-3d.wav,3,7.170365755172548e-159,3.570490577955557e-201,1.0,5.230993841084437e-273,2.3340182547123737e-29
535,../data_cut\l-andg-3b.wav,3,nan,nan,nan,nan,nan
536,../data_cut\Mariam-chkh-4e.wav,4,1.785940597023987e-55,1.8036397686015987e-281,3.3334501836526876e-80,1.0,8.792528913126076e-165
537,../data_cut\elene-krav-3.wav,3,1.7374315220926958e-306,0.0,1.0,1.0771086349615242e-91,3.103595603481629e-174
538,../data_cut\rezi-mesh-5b.wav,5,0.0,0.0,0.0,5.403836949453128e-276,1.0
539,../data_cut\levan-gela-5j.wav,5,0.0,2.5159516030485147e-259,0.0,1.035707170499614e-236,1.0
540,../data_cut\nika-onia-4a.wav,4,1.329941103e-315,2.5207729402087524e-120,1.1664003352014847e-280,1.0,6.748131205338105e-52
541,../data_cut\lasha-kiti-4c.wav,4,4.38628005231506e-267,3.151770451209783e-278,2.7910850175034483e-77,1.0,2.7134370157773116e-188
542,../data_cut\demetre-pipi-1g.wav,1,1.0,0.0,6.504821711041238e-177,1.21845348599e-312,0.0
543,../data_cut\aleksandre-pert-2f.wav,2,5.919610094419679e-175,1.0,2.2065761637497077e-162,1.8417480928858802e-60,1.3582327383371257e-70
544,../data_cut\vika-shon-4b.wav,5,1.364589908283915e-208,1.9815010280713992e-81,5.12113890681989e-122,9.661276481081112e-240,1.0
545,../data_cut\nino-chan-1b.wav,1,1.0,0.0,1.4418569526287318e-159,8.650472515486846e-22,4.8902707612617765e-127
546,../data_cut\giorgi-chak-4c.wav,4,5.772905722320464e-203,2.6137927378253945e-239,2.12812801508667e-34,1.0,1.5581280777119658e-94
547,../data_cut\aleksandre-surg-4.wav,4,1.5685975870069614e-116,3.91480708198861e-244,3.907526980156493e-133,1.0,3.1334943084722586e-134
548,../data_cut\anamaria-chkh-2-a.wav,4,2.7806349747596107e-239,1.814127509846258e-178,1.9991823167923796e-125,1.0,1.0207746491635212e-56
549,../data_cut\nanuka-altu-5e.wav,5,4.642216684306434e-70,1.4082076807412847e-100,3.61802520499107e-66,1.3029031542876545e-107,1.0
550,../data_cut\anamaria-chkh-4-b.wav,5,1.6345754915976603e-224,8.715238488258511e-234,3.5104520156810544e-159,3.1777913058079865e-89,1.0
551,../data_cut\demetre-pipi-3j.wav,3,3.251385620074876e-152,1.1847576395761284e-256,1.0,7.980623316390475e-196,0.0
552,../data_cut\giorgi-chak-1a.wav,1,1.0,2.1426871967098857e-134,8.632007333290902e-18,9.899601532715981e-93,2.124292185318649e-73
553,../data_cut\demetre-pipi-2c.wav,2,1.3983273775239365e-185,1.0,1.1723363433500752e-222,6.630704224487929e-118,5.723187090690572e-214
554,../data_cut\demetre-pipi-4a.wav,4,8.771271308810756e-176,8.780408077462759e-186,4.077535587438188e-249,1.0,2.317379746728922e-265
555,../data_cut\revaz-lobz-1e.wav,1,1.0,2.067539395505798e-211,1.7475264741621635e-148,1.367067438523822e-68,4.989109931947054e-202
556,../data_cut\mariam-aval-3d.wav,3,nan,nan,nan,nan,nan
557,../data_cut\levan-gela-5d.wav,5,0.0,7.73535197494502e-309,1.741515981201166e-298,0.0,1.0
558,../data_cut\revaz-lobz-5e.wav,5,8.24931318797799e-124,8.305330363894138e-137,3.139130338217923e-125,1.3040439356709048e-248,1.0
559,../data_cut\nanuka-altu-1a.wav,1,1.0,4.186640204148026e-253,6.356289823831812e-70,1.7558854604067546e-28,2.1846602190330265e-38
560,../data_cut\devi-khos-2d.wav,2,1.6671698078914977e-236,1.0,1.6402770823794029e-198,7.635388670736067e-98,2.552517584041021e-257
561,../data_cut\demetre-pipi-1e.wav,1,1.0,3.5782020546401674e-80,6.870147482039072e-110,7.2905785782601e-52,2.86828862275824e-162
562,../data_cut\l-andg-3d.wav,3,nan,nan,nan,nan,nan
563,../data_cut\demetre-pipi-1k.wav,1,1.0,0.0,1.7383768035920341e-259,2.1300438962373166e-279,0.0
564,../data_cut\mariam-aval-4b.wav,3,1.0364113628982436e-163,1.7569421484588882e-292,1.0,1.068984849954756e-106,4.206722047377279e-196
565,../data_cut\levan-gela-5b.wav,5,nan,nan,nan,nan,nan
566,../data_cut\vakho-koto-3b.wav,3,1.3019004783478559e-247,0.0,1.0,0.0,8.08e-321
567,../data_cut\aleksandre-surg-1.wav,1,0.9964804247570485,4.803467656520679e-74,1.7760862140879513e-95,1.0344625102038617e-23,0.0035195752429515166
568,../data_cut\levan-gela-5h.wav,5,0.0,7.801113116781568e-308,2.1354348e-316,0.0,1.0
569,../data_cut\demetre-pipi-2i.wav,2,5.55972999559724e-94,1.0,8.492456667063597e-64,1.4935157565621224e-87,2.6754685325522405e-60
570,../data_cut\davit-kvel-4c.wav,4,1.6169962001665852e-187,0.0,0.0,1.0,1.1406962370296013e-191
571,../data_cut\levan-gela-1d.wav,1,1.0,7.117093142298437e-182,2.4830723956100224e-56,1.6119711891155057e-276,6.895077962906778e-119
572,../data_cut\aleksandre-pert-1a.wav,1,1.0,0.0,0.0,1.60754e-319,9.824875837848713e-249
573,../data_cut\shota-noza-3c.wav,3,4.14326084e-316,0.0,1.0,0.0,0.0
574,../data_cut\davit-kvel-3c.wav,3,1.3356538841846764e-289,0.0,1.0,2.443579098149471e-196,0.0
575,../data_cut\tamar-bedi-3d.wav,3,0.0,0.0,1.0,0.0,0.0
576,../data_cut\revaz-lobz-4g.wav,4,0.0,2.5894912437200226e-195,0.0,1.0,3.172030780692411e-160
577,../data_cut\demetre-pipi-4b.wav,4,8.787393809498985e-127,5.235882330806992e-152,2.7961064104140885e-92,1.0,3.8401585483086846e-184
578,../data_cut\l-andg-1d.wav,1,1.0,2.017969469542137e-182,1.6076640955181975e-126,1.4357297824197493e-219,2.6221408712877557e-144
579,../data_cut\giorgi-kala-4-normal.wav,4,1.131050720560404e-142,2.788763275095015e-22,3.5603050176138277e-165,1.0,2.0651341233411134e-196
580,../data_cut\gega-dara-3.wav,4,8.046369232511556e-114,2.6060445588026996e-134,2.8568972127251367e-188,1.0,5.739296011853965e-122
581,../data_cut\revaz-lobz-4e.wav,5,1.901221714312577e-124,1.626210449789697e-231,1.1225130165215548e-216,9.258887715336526e-135,1.0
582,../data_cut\demetre-pipi-2a.wav,2,5.60059376371476e-141,1.0,3.3756338656646675e-211,6.382960985016294e-134,2.2535091488139423e-151
583,../data_cut\l-andg-2f.wav,3,8.457562008541072e-119,8.573392957221337e-239,1.0,1.0767072094582443e-118,8.283304295965779e-198
584,../data_cut\anamaria-chkh-1-c.wav,5,1.2056383186508132e-38,1.4046926623279796e-134,2.647915858171684e-49,6.360583706071584e-90,1.0
585,../data_cut\vakho-koto-2c.wav,3,1.2664823378373238e-143,7.813592091987528e-59,1.0,2.0973282323438887e-294,2.426438754930331e-28
586,../data_cut\nika-onia-2c.wav,2,0.0,1.0,0.0,3.963801625062995e-130,1.2595349813990287e-84
587,../data_cut\nanuka-altu-3a.wav,1,1.0,6.069062346326964e-222,5.836104978222215e-29,4.6046179059079996e-70,1.0244068479701376e-78
588,../data_cut\aleksandre-pert-4d.wav,4,1.2279275323339116e-53,3.22933989767411e-107,2.0618075417512305e-15,0.9814065893001646,0.018593410699833425
589,../data_cut\gega-dara-2c.wav,2,1.9910999804117534e-113,1.0,1.7201683846713095e-100,9.75036920893099e-94,7.175606177721244e-33
590,../data_cut\demetre-pipi-1b.wav,1,1.0,0.0,2.1275176643764236e-202,5.367306090576367e-243,0.0
591,../data_cut\lasha-kiti-4e.wav,4,0.0,0.0,8.883526262659975e-142,1.0,6.24429777678288e-173
592,../data_cut\demetre-pipi-5j.wav,4,1.2841790968643589e-157,1.2334173424274912e-152,3.183573649367555e-290,1.0,8.767991380537634e-106
593,../data_cut\irakli-mghe-4-b.wav,5,1.364053646935344e-185,0.0,8.589126218319693e-210,4.787621881536085e-168,1.0
594,../data_cut\nino-chan-4d.wav,4,4.0785555108318546e-114,1.3665005918884609e-83,7.629103919569576e-27,1.0,3.763976684330497e-95
595,../data_cut\giorgi-chak-2b.wav,5,2.026021818431402e-114,7.383953917072754e-25,9.041903388539958e-109,4.0280403951682094e-13,0.9999999999995972
596,../data_cut\nanuka-altu-3b.wav,1,1.0,1.4422378650739067e-223,2.4752338834619676e-40,2.129644690972472e-67,3.751447595204644e-77
597,../data_cut\devi-khos-3d.wav,3,1.0585471958555708e-301,0.0,1.0,1.5294048305834107e-219,0.0
598,../data_cut\nino-chan-5c.wav,5,1.3458262625954094e-191,2.104624421131267e-204,9.413281441736247e-223,6.65300675017546e-151,1.0
599,../data_cut\gega-dara-1b.wav,1,1.0,1.5954080959085862e-291,4.274766241656437e-308,1.3123596511006283e-111,1.1063741286672272e-79
600,../data_cut\aleksandre-pert-5f.wav,5,6.6537896149251675e-183,5.284623566520288e-197,3.1390456721786726e-193,6.7211683291422375e-183,1.0
601,../data_cut\mariam-aval-3c.wav,5,0.0,1.3375865204158812e-176,7.410013095257881e-63,6.781067304719353e-234,1.0
602,../data_cut\nika-onia-2a.wav,5,0.0,7.48795357655792e-43,0.0,1.4856143226946934e-130,1.0
603,../data_cut\lasha-kiti-2a.wav,3,2.344783034480077e-122,3.846690148020647e-116,1.0,1.4896812552375402e-99,2.926851046003916e-92
604,../data_cut\demetre-pipi-2d.wav,2,3.2017537251134324e-258,1.0,4.5666129172020675e-270,1.583386511769679e-126,8.287134816078014e-216
605,../data_cut\l-andg-4b.wav,4,0.0,1.5273483508149894e-104,6.571805511402584e-299,1.0,2.789789118499784e-127
606,../data_cut\giorgi-kala-2-normal.wav,2,2.4785567905398255e-171,1.0,9.147507542154398e-174,5.986545309768266e-82,5.655270090881298e-59
607,../data_cut\giorgi-kala-1-fast.wav,1,1.0,3.1960255266860587e-223,1.63630919808029e-95,1.2132789494969895e-210,4.283816574309781e-206
608,../data_cut\nika-onia-1g.wav,1,1.0,7.172712949397415e-287,2.2502125220215406e-204,2.2648858542600597e-119,1.708213091803851e-216
609,../data_cut\tamar-bedi-1c.wav,1,1.0,0.0,1.1465861476422612e-283,2.2693821513311027e-117,4.873269495220306e-86
610,../data_cut\revaz-lobz-5a.wav,5,0.0,6.690772000643763e-187,0.0,2.7509215562555804e-266,1.0
611,../data_cut\revaz-lobz-4a.wav,4,9.485659552902275e-292,4.0727389080457837e-140,0.0,0.947071684608713,0.05292831539128693
612,../data_cut\nanuka-altu-2e.wav,5,2.6652200713411524e-229,3.8405649351028274e-178,2.416311813997976e-102,3.3211562053152656e-131,1.0
613,../data_cut\revaz-lobz-4b.wav,5,4.4992819124256977e-306,5.316642423916429e-275,4.661942965e-315,1.0497587982192275e-60,1.0
614,../data_cut\giorgi-kala-4-slow.wav,4,9.201973827732153e-182,1.0625666549259124e-125,4.010859257767847e-220,1.0,1.4830530914329033e-59
615,../data_cut\mariam-aval-5c.wav,5,3.61664819452197e-270,5.889168849782484e-233,2.6680363053559627e-127,3.2940614542314263e-289,1.0
616,../data_cut\aleksandre-surg-1c.wav,1,1.0,0.0,1.2537304993195498e-37,3.258776408012509e-86,2.1138576109814173e-200
617,../data_cut\anamaria-chkh-3-e.wav,3,2.3541951405450368e-112,1.7781246782955e-310,0.9999999999999899,1.009125105732291e-14,1.2999274788613407e-157
618,../data_cut\aleksandre-pert-2a.wav,4,2.653427994200628e-118,1.4616741868468634e-17,3.902650170947467e-65,1.0,8.91128879026877e-50
619,../data_cut\zviad-noza-4d.wav,4,8.68920757636322e-198,3.541689427336693e-88,9.838626017391502e-234,0.9999999999999759,2.4070197445559303e-14
620,../data_cut\revaz-lobz-2a.wav,5,1.3062017725448518e-165,0.11122077165671494,5.233757240921967e-40,0.012047961120419825,0.8767312672228653
621,../data_cut\bakuri-tsut-3.wav,3,2.2886e-319,3.63614265129205e-306,1.0,0.0,3.2149361133430704e-191
622,../data_cut\demetre-pipi-3c.wav,3,1.9223688025481085e-124,6.4604258400011265e-205,1.0,2.6251522855343806e-158,8.39200152425425e-240
623,../data_cut\vakho-koto-4a.wav,3,7.351869201573153e-197,9.85874003492484e-221,1.0,6.007949357125921e-44,1.3313244209807734e-51
624,../data_cut\anamaria-chkh-3-c.wav,3,2.640030656666103e-140,0.0,1.0,8.039181071314105e-107,2.00304213e-316
625,../data_cut\revaz-lobz-2b.wav,5,0.0,1.4074695127948503e-08,0.0,2.411749276151939e-204,0.9999999859253049
626,../data_cut\irakli-mghe-3-a.wav,3,4.6882529156213135e-266,0.0,1.0,3.64342055924891e-100,3.581830846306058e-138
627,../data_cut\levan-gela-5i.wav,5,0.0,8.409683759611327e-245,0.0,1.6808427026827561e-289,1.0
628,../data_cut\devi-khos-3a.wav,3,4.767380248638723e-295,1.3850414507353305e-246,1.0,1.33071610779034e-50,1.612064e-317
629,../data_cut\tamar-bedi-5b.wav,5,1.1515320409248807e-244,0.0,4.8556407778239285e-239,4.919295426160461e-251,1.0
630,../data_cut\zurab-khut-4a.wav,3,1.3605842965337007e-100,6.321655380013904e-152,1.0,9.218260933358709e-59,3.529944686761489e-74
631,../data_cut\zviad-noza-5b.wav,5,0.0,1.0349428280839305e-127,2.3715812198453103e-308,3.752599832567631e-213,1.0
632,../data_cut\l-andg-5c.wav,5,0.0,1.60847808545e-313,4.075956154e-315,6.492101727237205e-273,1.0
633,../data_cut\tamar-bedi-1d.wav,1,1.0,0.0,3.6375987707727913e-270,1.2404918237154264e-199,1.2913272908198956e-201
634,../data_cut\tamar-bedi-4e.wav,4,7.536886274293008e-171,3.645349546689821e-247,2.2418502120907545e-47,1.0,4.464568850809204e-116
635,../data_cut\Mariam-chkh-1e.wav,4,4.044343585222627e-43,1.2732179449006276e-302,1.4516986013037268e-183,1.0,7.391101621908576e-21
636,../data_cut\zviad-noza-4b.wav,4,0.0,3.925631124209133e-81,1.1543541e-316,1.0,2.622377208689178e-213
637,../data_cut\l-andg-5e.wav,5,0.0,7.55954635494784e-276,0.0,4.5955878019664217e-182,1.0
638,../data_cut\aleksandre-surg-5c.wav,3,2.265756139892927e-97,4.658140822473273e-240,1.0,6.643561843441843e-171,6.116917339193464e-119
639,../data_cut\aleksandre-pert-1e.wav,1,1.0,7.915246185786411e-195,8.575889804453535e-158,5.4876262052253784e-95,3.982715431630121e-85
640,../data_cut\anamaria-chkh-1-e.wav,3,1.1583953588386797e-17,1.0813944220883673e-82,0.9999999999997234,9.861242962851318e-74,2.7660896555984597e-13
641,../data_cut\devi-khos-2.wav,4,5.624320763229777e-236,5.659840421611696e-110,1.2617757188926512e-305,1.0,2.6158720319588677e-51
642,../data_cut\nanuka-altu-3c.wav,4,2.0942107467853755e-94,2.0672653204891527e-265,1.4908737050753229e-77,1.0,2.3342389005705404e-103
643,../data_cut\tamar-bedi-5a.wav,5,0.0,0.0,0.0,1.460064808006341e-165,1.0
644,../data_cut\nika-onia-2b.wav,2,0.0,1.0,0.0,2.473134159123396e-146,8.106662666273178e-52
645,../data_cut\aleksandre-pert-2e.wav,2,1.3831704624610174e-128,0.9999999999999916,4.6723902821910736e-144,8.316712956906493e-15,1.0773687438517068e-16
646,../data_cut\levan-gela-2g.wav,5,0.0,3.3793543387784104e-91,5.272978543506018e-178,3.2312699839143683e-186,1.0
647,../data_cut\nino-chan-3a.wav,3,1.6860385552241813e-293,4.475028757935582e-213,1.0,1.1033291500219646e-238,2.9393161426717905e-185
648,../data_cut\davit-kvel-4b.wav,4,7.197629473694358e-189,3.49516926014776e-309,0.0,1.0,1.1006269697906081e-132
649,../data_cut\davit-kvel-1c.wav,1,1.0,0.0,0.0,8.272387725339313e-123,3.9183980911937785e-189
650,../data_cut\vakho-koto-4b.wav,4,5.567704260972645e-125,1.3005416801590966e-13,1.672810978323123e-52,0.99999999999987,4.8491482078776636e-36
651,../data_cut\rezi-mesh-4b.wav,4,1.808495781426908e-298,4.38984870986176e-58,8.916185916775839e-283,1.0,4.4455367796342135e-92
652,../data_cut\davit-kvel-5a.wav,5,2.3120906577607515e-260,0.0,0.0,8.025388559779179e-102,1.0
653,../data_cut\zurab-khut-1b.wav,1,1.0,1.4917811917943305e-204,1.3559401094670134e-73,2.1225994542313684e-19,1.4206379794027957e-31
654,../data_cut\Mariam-chkh-3d.wav,3,4.612799504905627e-116,1.170031819938935e-214,1.0,3.1376183906763304e-216,6.828677453017922e-272
655,../data_cut\zurab-khut-4b.wav,4,2.499184103492634e-94,6.918300668159133e-210,1.911199481403697e-82,1.0,1.1105963840848493e-148
656,../data_cut\demetre-pipi-5e.wav,4,1.8680843746084058e-194,6.702168385267322e-162,3.1401719433803894e-307,1.0,2.2400717390824355e-74
657,../data_cut\anamaria-chkh-1-a.wav,5,2.479296683505793e-124,2.4141242878988135e-253,2.2099570479301257e-223,3.3332755462527656e-106,1.0
658,../data_cut\Mariam-chkh-3e.wav,3,1.9005591737661245e-190,0.0,1.0,1.1299854887448342e-174,2.3978120916006898e-275
659,../data_cut\mariam-aval-5d.wav,5,0.0,3.198462310783531e-206,7.315991504281679e-237,1.6012202740327137e-294,1.0
660,../data_cut\levan-gela-2a.wav,5,2.5606305291626287e-243,5.325432014882649e-42,5.6225403159539205e-183,7.122123655772603e-143,1.0
661,../data_cut\Mariam-chkh-2a.wav,1,1.0,2.299336874231346e-106,3.053954735668701e-124,1.3833065462051953e-67,2.0209215745136934e-90
662,../data_cut\shota-noza-5a.wav,5,0.0,1.9371870302501612e-303,0.0,8.11971807008117e-170,1.0
663,../data_cut\nanuka-altu-1d.wav,1,1.0,4.98076e-318,4.744246168550786e-52,2.6681623985879023e-122,1.6183457845712742e-45
664,../data_cut\levan-gela-4h.wav,4,2.6788666053066797e-201,3.6302524731642326e-197,1.0224344101757015e-121,1.0,2.886107506972734e-44
665,../data_cut\nanuka-altu-4b.wav,4,8.037095686814602e-93,2.449421562882453e-244,7.131078345058961e-54,1.0,1.425993240989311e-108
666,../data_cut\levan-gela-5g.wav,5,8.31623179226739e-273,5.796950294397811e-206,5.519449564298365e-46,2.8641012120921716e-303,1.0
667,../data_cut\mariam-aval-3b.wav,3,1.1533903714858738e-76,5.9833701280334104e-52,1.0,3.402938930730224e-52,4.0724001266394674e-69
668,../data_cut\rezi-mesh-5c.wav,5,0.0,6.835376207878965e-206,0.0,3.120048868495985e-157,1.0
669,../data_cut\revaz-lobz-5g.wav,5,0.0,1.1210088785817358e-184,0.0,1.2182199870351706e-66,1.0
670,../data_cut\giorgi-chak-3b.wav,3,nan,nan,nan,nan,nan
671,../data_cut\l-andg-2b.wav,5,0.0,7.0322625892362595e-40,1.252498257745e-312,1.3574342839588878e-127,1.0
672,../data_cut\davit-kvel-5b.wav,4,1.2033197327319148e-81,0.0,6.78955952748831e-192,1.0,5.453739796382108e-39
673,../data_cut\mariam-aval-2d.wav,3,1.2494818791466525e-231,2.4153807153157128e-52,1.0,1.7559676622080002e-181,1.0007442731114543e-187
674,../data_cut\demetre-pipi-1h.wav,1,1.0,6.134980393598938e-49,7.662342256452393e-53,1.1226609011654629e-36,1.1822151101509101e-152
675,../data_cut\aleksandre-surg-2.wav,3,1.0957971094149781e-93,2.2988011802839985e-116,1.0,6.050516784313436e-104,9.604869327446787e-147
676,../data_cut\giorgi-chak-2d.wav,5,0.0,6.193436918570093e-227,0.0,1.2976222423893702e-181,1.0
677,../data_cut\Mariam-chkh-4b.wav,4,5.746037511425822e-45,1.66051631006e-313,1.1252334954185255e-144,1.0,1.0417993768110743e-213
678,../data_cut\zviad-noza-5e.wav,5,6.748033220358821e-248,7.290096586967479e-273,3.582231943965426e-290,3.155740322852843e-271,1.0
679,../data_cut\nika-onia-3c.wav,3,nan,nan,nan,nan,nan
